,moc,skill_id,relevance
1000000,DEFAULT,65547,0.124102
1000001,DEFAULT,78648,0.053523
1000002,DEFAULT,57375,0.062095
1000003,DEFAULT,81952,0.055194
1000004,DEFAULT,49188,0.115531
1000005,DEFAULT,65573,0.190403
1000006,DEFAULT,73767,0.179444
1000007,DEFAULT,81960,0.054058
1000008,DEFAULT,49202,0.050376
1000009,DEFAULT,57401,0.053074
1000010,DEFAULT,57407,0.112789
1000011,DEFAULT,73792,0.071732
1000012,DEFAULT,49217,0.084043
1000013,DEFAULT,73796,0.050377
1000014,DEFAULT,81991,0.054921
1000015,DEFAULT,65608,0.225039
1000016,DEFAULT,65610,0.058699
1000017,DEFAULT,65612,0.056443
1000018,DEFAULT,65618,0.050742
1000019,DEFAULT,73812,0.053437
1000020,DEFAULT,82005,0.090394
1000021,DEFAULT,57433,0.162671
1000022,DEFAULT,65627,0.053773
1000023,DEFAULT,82012,0.053963
1000024,DEFAULT,82014,0.129943
1000025,DEFAULT,73826,0.054066
1000026,DEFAULT,82026,0.112623
1000027,DEFAULT,66919,0.079961
1000028,DEFAULT,57460,0.106329
1000029,DEFAULT,57461,0.320534
1000030,DEFAULT,65660,0.053773
1000031,DEFAULT,82047,0.094173
1000032,DEFAULT,49280,0.051303
1000033,DEFAULT,60562,0.054046
1000034,DEFAULT,49287,0.053618
1000035,DEFAULT,57481,0.082588
1000036,DEFAULT,49291,0.062208
1000037,DEFAULT,82061,0.050376
1000038,DEFAULT,57491,0.076297
1000039,DEFAULT,149,0.070725
1000040,DEFAULT,154,0.125619
1000041,DEFAULT,73885,0.054270
1000042,DEFAULT,163,0.101528
1000043,DEFAULT,76486,0.053512
1000044,DEFAULT,171,0.181302
1000045,DEFAULT,49325,0.050376
1000046,DEFAULT,82094,0.070932
1000047,DEFAULT,82098,0.099970
1000048,DEFAULT,65715,0.050376
1000049,DEFAULT,82106,0.050376
1000050,DEFAULT,49183,0.055065
1000051,DEFAULT,49340,0.054251
1000052,DEFAULT,57533,0.053520
1000053,DEFAULT,198,0.132691
1000054,DEFAULT,49354,0.050508
1000055,DEFAULT,82129,0.051323
1000056,DEFAULT,49364,0.069270
1000057,DEFAULT,215,0.118276
1000058,DEFAULT,57380,0.050376
1000059,DEFAULT,82140,0.050513
1000060,DEFAULT,224,0.121571
1000061,DEFAULT,65763,0.083938
1000062,DEFAULT,49381,0.073550
1000063,DEFAULT,57574,0.305704
1000064,DEFAULT,65768,0.054066
1000065,DEFAULT,57578,0.058994
1000066,DEFAULT,57579,0.094558
1000067,DEFAULT,237,0.082644
1000068,DEFAULT,82160,0.053054
1000069,DEFAULT,82162,0.064023
1000070,DEFAULT,82163,0.137127
1000071,DEFAULT,73975,0.076579
1000072,DEFAULT,248,0.096901
1000073,DEFAULT,252,0.068775
1000074,DEFAULT,49409,0.074912
1000075,DEFAULT,258,0.091789
1000076,DEFAULT,65799,0.056733
1000077,DEFAULT,73994,0.050490
1000078,DEFAULT,271,0.096560
1000079,DEFAULT,74000,0.053773
1000080,DEFAULT,276,0.060295
1000081,DEFAULT,277,0.107761
1000082,DEFAULT,57623,0.053523
1000083,DEFAULT,77871,0.064666
1000084,DEFAULT,65820,0.054061
1000085,DEFAULT,285,0.074864
1000086,DEFAULT,66949,0.070502
1000087,DEFAULT,49442,0.050376
1000088,DEFAULT,57635,0.050376
1000089,DEFAULT,298,0.104143
1000090,DEFAULT,57647,0.050376
1000091,DEFAULT,304,0.071813
1000092,DEFAULT,49459,0.054270
1000093,DEFAULT,74039,0.083005
1000094,DEFAULT,74040,0.061062
1000095,DEFAULT,74046,0.050376
1000096,DEFAULT,49472,0.050513
1000097,DEFAULT,74049,0.054047
1000098,DEFAULT,65863,0.053088
1000099,DEFAULT,333,0.091569
1000100,DEFAULT,65873,0.083852
1000101,DEFAULT,57682,0.051446
1000102,DEFAULT,49493,0.050627
1000103,DEFAULT,74073,0.060034
1000104,DEFAULT,47845,0.050513
1000105,DEFAULT,57699,0.050376
1000106,DEFAULT,82278,0.051310
1000107,DEFAULT,49521,0.053091
1000108,DEFAULT,65908,0.078915
1000109,DEFAULT,55104,0.159626
1000110,DEFAULT,82296,0.053723
1000111,DEFAULT,74115,0.051323
1000112,DEFAULT,388,0.076227
1000113,DEFAULT,49544,0.050643
1000114,DEFAULT,65929,0.125160
1000115,DEFAULT,82314,0.056827
1000116,DEFAULT,49549,0.069374
1000117,DEFAULT,49551,0.054266
1000118,DEFAULT,49553,0.054061
1000119,DEFAULT,65942,0.095754
1000120,DEFAULT,57756,0.062535
1000121,DEFAULT,420,0.086477
1000122,DEFAULT,65965,0.066318
1000123,DEFAULT,65968,0.055130
1000124,DEFAULT,433,0.058529
1000125,DEFAULT,82354,0.050377
1000126,DEFAULT,74166,0.053773
1000127,DEFAULT,65975,0.054061
1000128,DEFAULT,440,0.086378
1000129,DEFAULT,57785,0.223768
1000130,DEFAULT,57418,0.050646
1000131,DEFAULT,446,0.074085
1000132,DEFAULT,65983,0.054175
1000133,DEFAULT,57792,0.085145
1000134,DEFAULT,56208,0.056422
1000135,DEFAULT,61515,0.057826
1000136,DEFAULT,74185,0.053091
1000137,DEFAULT,74188,0.051289
1000138,DEFAULT,49616,0.072560
1000139,DEFAULT,57810,0.053773
1000140,DEFAULT,470,0.062874
1000141,DEFAULT,49628,0.056601
1000142,DEFAULT,49630,0.111140
1000143,DEFAULT,74208,0.121210
1000144,DEFAULT,482,0.064222
1000145,DEFAULT,487,0.053359
1000146,DEFAULT,74219,0.050376
1000147,DEFAULT,74221,0.050376
1000148,DEFAULT,494,0.096306
1000149,DEFAULT,82415,0.050646
1000150,DEFAULT,57843,0.095539
1000151,DEFAULT,49653,0.050499
1000152,DEFAULT,49660,0.053523
1000153,DEFAULT,509,0.054161
1000154,DEFAULT,65621,0.053756
1000155,DEFAULT,66052,0.130708
1000156,DEFAULT,57862,0.066282
1000157,DEFAULT,521,0.095030
1000158,DEFAULT,57868,0.077587
1000159,DEFAULT,74253,0.051446
1000160,DEFAULT,74256,0.053618
1000161,DEFAULT,49681,0.050624
1000162,DEFAULT,57875,0.053067
1000163,DEFAULT,82453,0.089054
1000164,DEFAULT,534,0.070633
1000165,DEFAULT,57879,0.050428
1000166,DEFAULT,544,0.078343
1000167,DEFAULT,547,0.064600
1000168,DEFAULT,82470,0.054203
1000169,DEFAULT,552,0.054536
1000170,DEFAULT,82476,0.050376
1000171,DEFAULT,49710,0.050646
1000172,DEFAULT,82482,0.110901
1000173,DEFAULT,568,0.071921
1000174,DEFAULT,66107,0.070652
1000175,DEFAULT,49724,0.050376
1000176,DEFAULT,573,0.077577
1000177,DEFAULT,57918,0.050504
1000178,DEFAULT,578,0.120290
1000179,DEFAULT,74308,0.050376
1000180,DEFAULT,581,0.061617
1000181,DEFAULT,82504,0.090278
1000182,DEFAULT,588,0.062044
1000183,DEFAULT,591,0.056994
1000184,DEFAULT,66137,0.053994
1000185,DEFAULT,74330,0.054043
1000186,DEFAULT,84751,0.057590
1000187,DEFAULT,66140,0.055170
1000188,DEFAULT,82525,0.069555
1000189,DEFAULT,57950,0.053077
1000190,DEFAULT,608,0.057213
1000191,DEFAULT,612,0.069821
1000192,DEFAULT,57958,0.050627
1000193,DEFAULT,615,0.066147
1000194,DEFAULT,616,0.076265
1000195,DEFAULT,82538,0.090684
1000196,DEFAULT,57966,0.054509
1000197,DEFAULT,74356,0.054831
1000198,DEFAULT,57973,0.056765
1000199,DEFAULT,635,0.066259
1000200,DEFAULT,74366,0.050376
1000201,DEFAULT,639,0.065336
1000202,DEFAULT,642,0.062386
1000203,DEFAULT,49795,0.050646
1000204,DEFAULT,74374,0.054266
1000205,DEFAULT,82570,0.055170
1000206,DEFAULT,57996,0.056610
1000207,DEFAULT,66191,0.050643
1000208,DEFAULT,659,0.068786
1000209,DEFAULT,660,0.074080
1000210,DEFAULT,66197,0.053533
1000211,DEFAULT,49814,0.050513
1000212,DEFAULT,668,0.061008
1000213,DEFAULT,672,0.054678
1000214,DEFAULT,679,0.050556
1000215,DEFAULT,49835,0.050513
1000216,DEFAULT,74413,0.053769
1000217,DEFAULT,58030,0.070488
1000218,DEFAULT,689,0.070996
1000219,DEFAULT,66228,0.058254
1000220,DEFAULT,66229,0.051323
1000221,DEFAULT,49846,0.096431
1000222,DEFAULT,695,0.053306
1000223,DEFAULT,58042,0.163101
1000224,DEFAULT,58052,0.053760
1000225,DEFAULT,710,0.067966
1000226,DEFAULT,714,0.073012
1000227,DEFAULT,715,0.058775
1000228,DEFAULT,58060,0.050377
1000229,DEFAULT,82640,0.050376
1000230,DEFAULT,82641,0.050495
1000231,DEFAULT,82646,0.190167
1000232,DEFAULT,49125,0.058127
1000233,DEFAULT,58077,0.051310
1000234,DEFAULT,58079,0.231235
1000235,DEFAULT,49899,0.054324
1000236,DEFAULT,751,0.053985
1000237,DEFAULT,74481,0.060200
1000238,DEFAULT,82674,0.050376
1000239,DEFAULT,74486,0.054066
1000240,DEFAULT,74488,0.054417
1000241,DEFAULT,74491,0.063772
1000242,DEFAULT,82684,0.059268
1000243,DEFAULT,49921,0.116023
1000244,DEFAULT,49922,0.050513
1000245,DEFAULT,772,0.075391
1000246,DEFAULT,49926,0.050376
1000247,DEFAULT,74506,0.055164
1000248,DEFAULT,58126,0.054270
1000249,DEFAULT,58131,0.050376
1000250,DEFAULT,58133,0.050376
1000251,DEFAULT,803,0.070347
1000252,DEFAULT,82724,0.059363
1000253,DEFAULT,66342,0.079075
1000254,DEFAULT,74537,0.055176
1000255,DEFAULT,53383,0.057054
1000256,DEFAULT,67038,0.196642
1000257,DEFAULT,74552,0.054477
1000258,DEFAULT,825,0.070979
1000259,DEFAULT,82747,0.097985
1000260,DEFAULT,828,0.051430
1000261,DEFAULT,66365,0.055176
1000262,DEFAULT,49984,0.054052
1000263,DEFAULT,66369,0.050376
1000264,DEFAULT,834,0.057080
1000265,DEFAULT,1505,0.066927
1000266,DEFAULT,840,0.060382
1000267,DEFAULT,841,0.066629
1000268,DEFAULT,844,0.067532
1000269,DEFAULT,58189,0.054125
1000270,DEFAULT,66382,0.050376
1000271,DEFAULT,56120,0.059332
1000272,DEFAULT,850,0.063428
1000273,DEFAULT,860,0.057207
1000274,DEFAULT,58208,0.050513
1000275,DEFAULT,82787,0.125651
1000276,DEFAULT,74596,0.055316
1000277,DEFAULT,68413,0.054270
1000278,DEFAULT,58225,0.050377
1000279,DEFAULT,58226,0.051323
1000280,DEFAULT,65683,0.051310
1000281,DEFAULT,884,0.060086
1000282,DEFAULT,66423,0.054056
1000283,DEFAULT,74623,0.060912
1000284,DEFAULT,58241,0.050643
1000285,DEFAULT,74629,0.053061
1000286,DEFAULT,66439,0.050499
1000287,DEFAULT,82842,0.060421
1000288,DEFAULT,924,0.059493
1000289,DEFAULT,66464,0.051323
1000290,DEFAULT,74659,0.055601
1000291,DEFAULT,934,0.081990
1000292,DEFAULT,75249,0.050376
1000293,DEFAULT,82858,0.064887
1000294,DEFAULT,58284,0.054047
1000295,DEFAULT,942,0.063450
1000296,DEFAULT,74675,0.244336
1000297,DEFAULT,66485,0.050376
1000298,DEFAULT,74678,0.050646
1000299,DEFAULT,72522,0.078790
1000300,DEFAULT,74688,0.050376
1000301,DEFAULT,962,0.058410
1000302,DEFAULT,66501,0.050513
1000303,DEFAULT,74695,0.050376
1000304,DEFAULT,79352,0.062150
1000305,DEFAULT,66518,0.054986
1000306,DEFAULT,984,0.052296
1000307,DEFAULT,66522,0.050646
1000308,DEFAULT,989,0.083018
1000309,DEFAULT,990,0.061431
1000310,DEFAULT,992,0.061138
1000311,DEFAULT,994,0.069343
1000312,DEFAULT,50150,0.054066
1000313,DEFAULT,82919,0.054056
1000314,DEFAULT,74729,0.053516
1000315,DEFAULT,74735,0.054117
1000316,DEFAULT,74737,0.051323
1000317,DEFAULT,1010,0.052622
1000318,DEFAULT,74739,0.053987
1000319,DEFAULT,1013,0.063848
1000320,DEFAULT,1014,0.053674
1000321,DEFAULT,82937,0.050590
1000322,DEFAULT,50171,0.055810
1000323,DEFAULT,69802,0.066976
1000324,DEFAULT,50176,0.061562
1000325,DEFAULT,50180,0.053756
1000326,DEFAULT,74759,0.076872
1000327,DEFAULT,1033,0.059024
1000328,DEFAULT,1036,0.055380
1000329,DEFAULT,82958,0.050646
1000330,DEFAULT,174,0.144895
1000331,DEFAULT,66582,0.221068
1000332,DEFAULT,82973,0.055913
1000333,DEFAULT,58398,0.053891
1000334,DEFAULT,66596,0.050513
1000335,DEFAULT,82981,0.124446
1000336,DEFAULT,50214,0.068400
1000337,DEFAULT,1071,0.061447
1000338,DEFAULT,58417,0.165428
1000339,DEFAULT,1075,0.062757
1000340,DEFAULT,1076,0.062207
1000341,DEFAULT,83002,0.053523
1000342,DEFAULT,74812,0.059726
1000343,DEFAULT,80234,0.056902
1000344,DEFAULT,1086,0.060509
1000345,DEFAULT,1088,0.071092
1000346,DEFAULT,50241,0.053538
1000347,DEFAULT,1094,0.057196
1000348,DEFAULT,66631,0.053549
1000349,DEFAULT,1097,0.057630
1000350,DEFAULT,83018,0.125892
1000351,DEFAULT,74829,0.050473
1000352,DEFAULT,1107,0.063129
1000353,DEFAULT,66649,0.050376
1000354,DEFAULT,58458,0.082998
1000355,DEFAULT,80741,0.054266
1000356,DEFAULT,49339,0.065094
1000357,DEFAULT,66662,0.053544
1000358,DEFAULT,66665,0.053520
1000359,DEFAULT,74860,0.050376
1000360,DEFAULT,1134,0.061080
1000361,DEFAULT,82109,0.053074
1000362,DEFAULT,66672,0.053091
1000363,DEFAULT,74865,0.050376
1000364,DEFAULT,83062,0.074023
1000365,DEFAULT,1143,0.053481
1000366,DEFAULT,58493,0.067248
1000367,DEFAULT,83074,0.050376
1000368,DEFAULT,83081,0.051145
1000369,DEFAULT,68507,0.050513
1000370,DEFAULT,74893,0.073841
1000371,DEFAULT,58514,0.055188
1000372,DEFAULT,58519,0.072635
1000373,DEFAULT,50328,0.050504
1000374,DEFAULT,58525,0.053077
1000375,DEFAULT,74911,0.050376
1000376,DEFAULT,50336,0.050376
1000377,DEFAULT,74917,0.050377
1000378,DEFAULT,50343,0.053088
1000379,DEFAULT,58539,0.055194
1000380,DEFAULT,66732,0.054012
1000381,DEFAULT,1198,0.052493
1000382,DEFAULT,1201,0.050455
1000383,DEFAULT,83133,0.054166
1000384,DEFAULT,83136,0.057634
1000385,DEFAULT,1219,0.052698
1000386,DEFAULT,50374,0.053723
1000387,DEFAULT,83143,0.053773
1000388,DEFAULT,66767,0.053917
1000389,DEFAULT,75299,0.123783
1000390,DEFAULT,58580,0.084439
1000391,DEFAULT,50389,0.053520
1000392,DEFAULT,74971,0.160912
1000393,DEFAULT,66780,0.055194
1000394,DEFAULT,1247,0.053095
1000395,DEFAULT,58594,0.050376
1000396,DEFAULT,58597,0.061031
1000397,DEFAULT,50408,0.057146
1000398,DEFAULT,1261,0.060904
1000399,DEFAULT,58606,0.054270
1000400,DEFAULT,50420,0.066443
1000401,DEFAULT,58613,0.060607
1000402,DEFAULT,75012,0.087480
1000403,DEFAULT,66821,0.080716
1000404,DEFAULT,2945,0.050631
1000405,DEFAULT,1288,0.054438
1000406,DEFAULT,50441,0.050377
1000407,DEFAULT,49367,0.053074
1000408,DEFAULT,1293,0.053477
1000409,DEFAULT,58642,0.062208
1000410,DEFAULT,63023,0.053081
1000411,DEFAULT,83228,0.051234
1000412,DEFAULT,1314,0.058059
1000413,DEFAULT,75043,0.056848
1000414,DEFAULT,75048,0.079862
1000415,DEFAULT,50479,0.050643
1000416,DEFAULT,1328,0.059168
1000417,DEFAULT,66869,0.050635
1000418,DEFAULT,58679,0.053989
1000419,DEFAULT,66872,0.057769
1000420,DEFAULT,83261,0.054214
1000421,DEFAULT,58689,0.053756
1000422,DEFAULT,58690,0.054223
1000423,DEFAULT,83268,0.050376
1000424,DEFAULT,1350,0.064600
1000425,DEFAULT,58695,0.078799
1000426,DEFAULT,83274,0.053485
1000427,DEFAULT,66891,0.055194
1000428,DEFAULT,66892,0.055704
1000429,DEFAULT,58704,0.050513
1000430,DEFAULT,73955,0.050376
1000431,DEFAULT,75092,0.054338
1000432,DEFAULT,83285,0.050376
1000433,DEFAULT,1367,0.064232
1000434,DEFAULT,4324,0.052507
1000435,DEFAULT,864,0.051642
1000436,DEFAULT,58727,0.070603
1000437,DEFAULT,1597,0.063953
1000438,DEFAULT,83312,0.051303
1000439,DEFAULT,58738,0.058838
1000440,DEFAULT,1398,0.055147
1000441,DEFAULT,75127,0.057692
1000442,DEFAULT,66936,0.054021
1000443,DEFAULT,1402,0.056695
1000444,DEFAULT,1409,0.060111
1000445,DEFAULT,75138,0.113288
1000446,DEFAULT,83332,0.050376
1000447,DEFAULT,50565,0.051323
1000448,DEFAULT,83337,0.070061
1000449,DEFAULT,83339,0.072547
1000450,DEFAULT,50575,0.050646
1000451,DEFAULT,66962,0.076718
1000452,DEFAULT,50583,0.053091
1000453,DEFAULT,75161,0.050376
1000454,DEFAULT,50588,0.177919
1000455,DEFAULT,1437,0.057507
1000456,DEFAULT,58783,0.051323
1000457,DEFAULT,58785,0.050377
1000458,DEFAULT,75171,0.052652
1000459,DEFAULT,1444,0.060180
1000460,DEFAULT,50601,0.060274
1000461,DEFAULT,66988,0.050646
1000462,DEFAULT,1453,0.060705
1000463,DEFAULT,75185,0.059287
1000464,DEFAULT,75188,0.057493
1000465,DEFAULT,83382,0.056085
1000466,DEFAULT,1465,0.054223
1000467,DEFAULT,75198,0.053773
1000468,DEFAULT,75339,0.058680
1000469,DEFAULT,58821,0.055407
1000470,DEFAULT,50630,0.054052
1000471,DEFAULT,49423,0.055118
1000472,DEFAULT,1500,0.059638
1000473,DEFAULT,83422,0.059533
1000474,DEFAULT,58848,0.050376
1000475,DEFAULT,58849,0.054061
1000476,DEFAULT,1510,0.056370
1000477,DEFAULT,1511,0.054047
1000478,DEFAULT,1518,0.065254
1000479,DEFAULT,67057,0.089255
1000480,DEFAULT,57335,0.097657
1000481,DEFAULT,67069,0.050376
1000482,DEFAULT,83456,0.053077
1000483,DEFAULT,1538,0.060748
1000484,DEFAULT,58883,0.063635
1000485,DEFAULT,67078,0.077991
1000486,DEFAULT,83465,0.056832
1000487,DEFAULT,73986,0.050508
1000488,DEFAULT,75280,0.050504
1000489,DEFAULT,83486,0.055507
1000490,DEFAULT,68528,0.050508
1000491,DEFAULT,67107,0.083381
1000492,DEFAULT,67975,0.053074
1000493,DEFAULT,83494,0.077888
1000494,DEFAULT,50729,0.051254
1000495,DEFAULT,83502,0.066303
1000496,DEFAULT,50735,0.053091
1000497,DEFAULT,1584,0.068181
1000498,DEFAULT,50745,0.050376
1000499,DEFAULT,266,0.111813
1000500,DEFAULT,83524,0.053508
1000501,DEFAULT,71265,0.061595
1000502,DEFAULT,67147,0.093003
1000503,DEFAULT,58958,0.050376
1000504,DEFAULT,83535,0.054204
1000505,DEFAULT,1618,0.062617
1000506,DEFAULT,1620,0.054256
1000507,DEFAULT,75349,0.053963
1000508,DEFAULT,83544,0.053752
1000509,DEFAULT,73999,0.050377
1000510,DEFAULT,58976,0.050504
1000511,DEFAULT,1634,0.063452
1000512,DEFAULT,83558,0.055182
1000513,DEFAULT,58989,0.067330
1000514,DEFAULT,58992,0.054043
1000515,DEFAULT,58995,0.050376
1000516,DEFAULT,1654,0.054570
1000517,DEFAULT,75385,0.050643
1000518,DEFAULT,59003,0.053088
1000519,DEFAULT,59004,0.083838
1000520,DEFAULT,65813,0.058606
1000521,DEFAULT,75398,0.051323
1000522,DEFAULT,83594,0.050601
1000523,DEFAULT,59024,0.118735
1000524,DEFAULT,1681,0.057858
1000525,DEFAULT,67218,0.171395
1000526,DEFAULT,1686,0.055185
1000527,DEFAULT,59031,0.050420
1000528,DEFAULT,50843,0.053071
1000529,DEFAULT,67228,0.052163
1000530,DEFAULT,59038,0.057623
1000531,DEFAULT,67231,0.088320
1000532,DEFAULT,75428,0.154010
1000533,DEFAULT,59047,0.054270
1000534,DEFAULT,67242,0.193789
1000535,DEFAULT,59052,0.139347
1000536,DEFAULT,67245,0.051323
1000537,DEFAULT,67246,0.051261
1000538,DEFAULT,59057,0.050376
1000539,DEFAULT,83571,0.059004
1000540,DEFAULT,67253,0.075816
1000541,DEFAULT,59063,0.053081
1000542,DEFAULT,75450,0.057547
1000543,DEFAULT,59067,0.050424
1000544,DEFAULT,67261,0.050468
1000545,DEFAULT,1731,0.055713
1000546,DEFAULT,83655,0.050376
1000547,DEFAULT,290,0.104920
1000548,DEFAULT,50896,0.050376
1000549,DEFAULT,59092,0.146855
1000550,DEFAULT,59093,0.051630
1000551,DEFAULT,50903,0.055194
1000552,DEFAULT,59101,0.054056
1000553,DEFAULT,83678,0.277783
1000554,DEFAULT,76165,0.053057
1000555,DEFAULT,59113,0.050646
1000556,DEFAULT,84947,0.052287
1000557,DEFAULT,67324,0.053084
1000558,DEFAULT,83715,0.051247
1000559,DEFAULT,1799,0.063963
1000560,DEFAULT,50960,0.053773
1000561,DEFAULT,83731,0.050376
1000562,DEFAULT,1812,0.057376
1000563,DEFAULT,83735,0.051282
1000564,DEFAULT,1816,0.056566
1000565,DEFAULT,60379,0.055194
1000566,DEFAULT,1829,0.053469
1000567,DEFAULT,83753,0.050376
1000568,DEFAULT,75565,0.053074
1000569,DEFAULT,50990,0.053495
1000570,DEFAULT,59183,0.053091
1000571,DEFAULT,75570,0.050376
1000572,DEFAULT,1843,0.066075
1000573,DEFAULT,51001,0.053074
1000574,DEFAULT,75580,0.110550
1000575,DEFAULT,51011,0.061389
1000576,DEFAULT,67396,0.051206
1000577,DEFAULT,67400,0.069783
1000578,DEFAULT,51017,0.053516
1000579,DEFAULT,57655,0.055164
1000580,DEFAULT,51021,0.050495
1000581,DEFAULT,67407,0.058782
1000582,DEFAULT,59216,0.060381
1000583,DEFAULT,59217,0.050639
1000584,DEFAULT,59224,0.057579
1000585,DEFAULT,75609,0.080311
1000586,DEFAULT,67420,0.050376
1000587,DEFAULT,75613,0.055654
1000588,DEFAULT,59230,0.050376
1000589,DEFAULT,51042,0.056745
1000590,DEFAULT,75620,0.050513
1000591,DEFAULT,1895,0.055148
1000592,DEFAULT,1896,0.060339
1000593,DEFAULT,59243,0.053074
1000594,DEFAULT,67436,0.053091
1000595,DEFAULT,83825,0.053504
1000596,DEFAULT,75634,0.061225
1000597,DEFAULT,65854,0.051382
1000598,DEFAULT,75645,0.050643
1000599,DEFAULT,59262,0.050376
1000600,DEFAULT,67455,0.050376
1000601,DEFAULT,75648,0.051261
1000602,DEFAULT,75651,0.050376
1000603,DEFAULT,75655,0.057430
1000604,DEFAULT,83848,0.051323
1000605,DEFAULT,67469,0.051316
1000606,DEFAULT,51086,0.050376
1000607,DEFAULT,79512,0.055170
1000608,DEFAULT,59285,0.050376
1000609,DEFAULT,75676,0.054061
1000610,DEFAULT,67488,0.053450
1000611,DEFAULT,59035,0.059958
1000612,DEFAULT,83891,0.059572
1000613,DEFAULT,1980,0.054576
1000614,DEFAULT,67517,0.094650
1000615,DEFAULT,1983,0.053760
1000616,DEFAULT,67521,0.071277
1000617,DEFAULT,1988,0.053064
1000618,DEFAULT,59333,0.053077
1000619,DEFAULT,1990,0.058940
1000620,DEFAULT,75725,0.055090
1000621,DEFAULT,2000,0.059788
1000622,DEFAULT,75731,0.050627
1000623,DEFAULT,67540,0.054051
1000624,DEFAULT,2017,0.057377
1000625,DEFAULT,75746,0.081904
1000626,DEFAULT,2019,0.058080
1000627,DEFAULT,83940,0.054234
1000628,DEFAULT,2021,0.056481
1000629,DEFAULT,2795,0.053545
1000630,DEFAULT,59373,0.056599
1000631,DEFAULT,75759,0.050513
1000632,DEFAULT,51186,0.051415
1000633,DEFAULT,59379,0.055141
1000634,DEFAULT,83957,0.082574
1000635,DEFAULT,75766,0.098260
1000636,DEFAULT,70173,0.085827
1000637,DEFAULT,67584,0.192576
1000638,DEFAULT,64512,0.089030
1000639,DEFAULT,59398,0.050513
1000640,DEFAULT,67592,0.050376
1000641,DEFAULT,67594,0.059154
1000642,DEFAULT,51214,0.163777
1000643,DEFAULT,83983,0.073278
1000644,DEFAULT,75793,0.094516
1000645,DEFAULT,2068,0.051268
1000646,DEFAULT,83991,0.050377
1000647,DEFAULT,67609,0.062519
1000648,DEFAULT,75802,0.095207
1000649,DEFAULT,2075,0.057781
1000650,DEFAULT,67612,0.050376
1000651,DEFAULT,2079,0.053517
1000652,DEFAULT,2081,0.061659
1000653,DEFAULT,2086,0.057338
1000654,DEFAULT,84008,0.051240
1000655,DEFAULT,67626,0.050376
1000656,DEFAULT,51250,0.050376
1000657,DEFAULT,67251,0.060497
1000658,DEFAULT,61790,0.050376
1000659,DEFAULT,67654,0.051583
1000660,DEFAULT,84043,0.050646
1000661,DEFAULT,59468,0.051282
1000662,DEFAULT,59469,0.215066
1000663,DEFAULT,59470,0.097639
1000664,DEFAULT,59471,0.064822
1000665,DEFAULT,51280,0.050377
1000666,DEFAULT,355,0.082740
1000667,DEFAULT,2132,0.057614
1000668,DEFAULT,84053,0.069906
1000669,DEFAULT,59478,0.053773
1000670,DEFAULT,2135,0.061256
1000671,DEFAULT,59480,0.064720
1000672,DEFAULT,75866,0.050495
1000673,DEFAULT,67675,0.051310
1000674,DEFAULT,2140,0.054242
1000675,DEFAULT,59488,0.055030
1000676,DEFAULT,2146,0.051415
1000677,DEFAULT,358,0.060304
1000678,DEFAULT,59494,0.059923
1000679,DEFAULT,67690,0.059503
1000680,DEFAULT,84086,0.053088
1000681,DEFAULT,59519,0.220596
1000682,DEFAULT,75906,0.081500
1000683,DEFAULT,67718,0.057375
1000684,DEFAULT,84103,0.050473
1000685,DEFAULT,51345,0.053077
1000686,DEFAULT,2195,0.050620
1000687,DEFAULT,51349,0.053769
1000688,DEFAULT,75931,0.050376
1000689,DEFAULT,53616,0.058755
1000690,DEFAULT,67750,0.050376
1000691,DEFAULT,51368,0.089713
1000692,DEFAULT,59562,0.050486
1000693,DEFAULT,54983,0.061328
1000694,DEFAULT,84141,0.050377
1000695,DEFAULT,51380,0.051323
1000696,DEFAULT,75957,0.054270
1000697,DEFAULT,47811,0.069164
1000698,DEFAULT,84152,0.051240
1000699,DEFAULT,372,0.063588
1000700,DEFAULT,2235,0.053061
1000701,DEFAULT,67773,0.050376
1000702,DEFAULT,59587,0.053081
1000703,DEFAULT,51397,0.051310
1000704,DEFAULT,2255,0.064126
1000705,DEFAULT,67792,0.142657
1000706,DEFAULT,75992,0.060225
1000707,DEFAULT,59612,0.055147
1000708,DEFAULT,67806,0.050376
1000709,DEFAULT,76004,0.050377
1000710,DEFAULT,59624,0.054289
1000711,DEFAULT,67819,0.064447
1000712,DEFAULT,67830,0.058711
1000713,DEFAULT,76026,0.071290
1000714,DEFAULT,59644,0.057121
1000715,DEFAULT,76029,0.057758
1000716,DEFAULT,67843,0.116791
1000717,DEFAULT,76036,0.053744
1000718,DEFAULT,84229,0.050646
1000719,DEFAULT,84231,0.369055
1000720,DEFAULT,67850,0.050459
1000721,DEFAULT,59662,0.053071
1000722,DEFAULT,59676,0.050376
1000723,DEFAULT,76061,0.054061
1000724,DEFAULT,2337,0.051456
1000725,DEFAULT,59683,0.064711
1000726,DEFAULT,84260,0.171970
1000727,DEFAULT,2343,0.053756
1000728,DEFAULT,84265,0.050376
1000729,DEFAULT,51500,0.050609
1000730,DEFAULT,67886,0.054066
1000731,DEFAULT,84271,0.061043
1000732,DEFAULT,59696,0.050627
1000733,DEFAULT,76081,0.050376
1000734,DEFAULT,84279,0.053760
1000735,DEFAULT,59706,0.063875
1000736,DEFAULT,76092,0.055095
1000737,DEFAULT,2377,0.051268
1000738,DEFAULT,80550,0.187866
1000739,DEFAULT,52280,0.074673
1000740,DEFAULT,84306,0.079356
1000741,DEFAULT,84307,0.117475
1000742,DEFAULT,67926,0.093157
1000743,DEFAULT,2393,0.050624
1000744,DEFAULT,59745,0.050376
1000745,DEFAULT,59750,0.065671
1000746,DEFAULT,401,0.108840
1000747,DEFAULT,76136,0.050377
1000748,DEFAULT,2409,0.050504
1000749,DEFAULT,76140,0.051303
1000750,DEFAULT,76142,0.053520
1000751,DEFAULT,84341,0.070149
1000752,DEFAULT,84342,0.055159
1000753,DEFAULT,59768,0.050639
1000754,DEFAULT,61844,0.054643
1000755,DEFAULT,59770,0.078587
1000756,DEFAULT,76155,0.085145
1000757,DEFAULT,59775,0.078212
1000758,DEFAULT,406,0.061724
1000759,DEFAULT,76167,0.055901
1000760,DEFAULT,76177,0.105922
1000761,DEFAULT,2460,0.055113
1000762,DEFAULT,84382,0.054066
1000763,DEFAULT,51622,0.050376
1000764,DEFAULT,2471,0.063141
1000765,DEFAULT,59818,0.064643
1000766,DEFAULT,59826,0.054251
1000767,DEFAULT,84403,0.076003
1000768,DEFAULT,68022,0.053769
1000769,DEFAULT,59833,0.054251
1000770,DEFAULT,51648,0.051247
1000771,DEFAULT,51651,0.060635
1000772,DEFAULT,59847,0.101731
1000773,DEFAULT,68041,0.051303
1000774,DEFAULT,2514,0.057856
1000775,DEFAULT,76246,0.057214
1000776,DEFAULT,84442,0.053508
1000777,DEFAULT,76251,0.084994
1000778,DEFAULT,51676,0.050376
1000779,DEFAULT,68064,0.051310
1000780,DEFAULT,51681,0.061476
1000781,DEFAULT,76258,0.050376
1000782,DEFAULT,71419,0.053051
1000783,DEFAULT,51684,0.053516
1000784,DEFAULT,2534,0.066864
1000785,DEFAULT,59884,0.050376
1000786,DEFAULT,59886,0.050376
1000787,DEFAULT,76271,0.076258
1000788,DEFAULT,68083,0.050513
1000789,DEFAULT,2550,0.054570
1000790,DEFAULT,76280,0.054251
1000791,DEFAULT,51705,0.050643
1000792,DEFAULT,51706,0.055188
1000793,DEFAULT,76290,0.053091
1000794,DEFAULT,68099,0.054066
1000795,DEFAULT,68101,0.058551
1000796,DEFAULT,76296,0.052304
1000797,DEFAULT,84490,0.083222
1000798,DEFAULT,59919,0.051323
1000799,DEFAULT,59920,0.110068
1000800,DEFAULT,72904,0.055704
1000801,DEFAULT,84503,0.053926
1000802,DEFAULT,76315,0.080326
1000803,DEFAULT,59934,0.068050
1000804,DEFAULT,2593,0.053508
1000805,DEFAULT,84518,0.058293
1000806,DEFAULT,60508,0.051316
1000807,DEFAULT,2603,0.053084
1000808,DEFAULT,51758,0.050495
1000809,DEFAULT,76335,0.054209
1000810,DEFAULT,51762,0.063862
1000811,DEFAULT,51763,0.053500
1000812,DEFAULT,59959,0.050513
1000813,DEFAULT,59966,0.050377
1000814,DEFAULT,84546,0.050513
1000815,DEFAULT,59973,0.053769
1000816,DEFAULT,68171,0.050646
1000817,DEFAULT,59981,0.050376
1000818,DEFAULT,51792,0.056433
1000819,DEFAULT,51797,0.107514
1000820,DEFAULT,2647,0.059477
1000821,DEFAULT,68184,0.050376
1000822,DEFAULT,84571,0.051296
1000823,DEFAULT,68189,0.054093
1000824,DEFAULT,51807,0.074245
1000825,DEFAULT,75536,0.054061
1000826,DEFAULT,51811,0.068727
1000827,DEFAULT,60006,0.054066
1000828,DEFAULT,51822,0.055194
1000829,DEFAULT,76400,0.082653
1000830,DEFAULT,51826,0.050376
1000831,DEFAULT,60020,0.316544
1000832,DEFAULT,51829,0.053081
1000833,DEFAULT,51840,0.055279
1000834,DEFAULT,85099,0.080381
1000835,DEFAULT,76422,0.068790
1000836,DEFAULT,76427,0.051268
1000837,DEFAULT,2703,0.054380
1000838,DEFAULT,76432,0.050490
1000839,DEFAULT,76435,0.073244
1000840,DEFAULT,52334,0.050376
1000841,DEFAULT,68253,0.053088
1000842,DEFAULT,2723,0.059986
1000843,DEFAULT,76457,0.053061
1000844,DEFAULT,76458,0.050750
1000845,DEFAULT,84663,0.053819
1000846,DEFAULT,60088,0.057499
1000847,DEFAULT,2747,0.053517
1000848,DEFAULT,2751,0.050631
1000849,DEFAULT,51910,0.051310
1000850,DEFAULT,2764,0.065381
1000851,DEFAULT,68305,0.050513
1000852,DEFAULT,84690,0.100385
1000853,DEFAULT,51926,0.050504
1000854,DEFAULT,68314,0.055182
1000855,DEFAULT,84701,0.050376
1000856,DEFAULT,2783,0.056493
1000857,DEFAULT,84707,0.053492
1000858,DEFAULT,76520,0.214792
1000859,DEFAULT,76523,0.058583
1000860,DEFAULT,2796,0.061456
1000861,DEFAULT,60141,0.053088
1000862,DEFAULT,68336,0.050376
1000863,DEFAULT,60149,0.051310
1000864,DEFAULT,76536,0.081863
1000865,DEFAULT,51961,0.053088
1000866,DEFAULT,60154,0.050631
1000867,DEFAULT,84731,0.050499
1000868,DEFAULT,60161,0.050631
1000869,DEFAULT,51970,0.050376
1000870,DEFAULT,76559,0.053523
1000871,DEFAULT,84753,0.051316
1000872,DEFAULT,72835,0.068638
1000873,DEFAULT,84758,0.050513
1000874,DEFAULT,60185,0.216539
1000875,DEFAULT,68382,0.050468
1000876,DEFAULT,3205,0.050499
1000877,DEFAULT,68384,0.054422
1000878,DEFAULT,76580,0.152085
1000879,DEFAULT,84774,0.059950
1000880,DEFAULT,84775,0.055076
1000881,DEFAULT,59186,0.050646
1000882,DEFAULT,2863,0.054034
1000883,DEFAULT,76594,0.053769
1000884,DEFAULT,2868,0.054251
1000885,DEFAULT,82398,0.060447
1000886,DEFAULT,84792,0.056525
1000887,DEFAULT,84797,0.051462
1000888,DEFAULT,52034,0.053496
1000889,DEFAULT,60228,0.227872
1000890,DEFAULT,68427,0.050513
1000891,DEFAULT,60239,0.050513
1000892,DEFAULT,48270,0.070991
1000893,DEFAULT,2902,0.050639
1000894,DEFAULT,68442,0.053516
1000895,DEFAULT,84831,0.059351
1000896,DEFAULT,60256,0.065060
1000897,DEFAULT,60261,0.070414
1000898,DEFAULT,68454,0.070518
1000899,DEFAULT,76653,0.050376
1000900,DEFAULT,84851,0.054232
1000901,DEFAULT,68468,0.059163
1000902,DEFAULT,52372,0.054218
1000903,DEFAULT,72385,0.056720
1000904,DEFAULT,2941,0.054034
1000905,DEFAULT,52096,0.055188
1000906,DEFAULT,76673,0.073952
1000907,DEFAULT,52100,0.053773
1000908,DEFAULT,84871,0.053736
1000909,DEFAULT,76680,0.151527
1000910,DEFAULT,68492,0.057841
1000911,DEFAULT,84879,0.054066
1000912,DEFAULT,68498,0.123005
1000913,DEFAULT,52116,0.056420
1000914,DEFAULT,59204,0.076645
1000915,DEFAULT,76698,0.059495
1000916,DEFAULT,49647,0.084495
1000917,DEFAULT,68515,0.050504
1000918,DEFAULT,52137,0.080425
1000919,DEFAULT,84912,0.053091
1000920,DEFAULT,66035,0.053523
1000921,DEFAULT,60340,0.053088
1000922,DEFAULT,68536,0.185736
1000923,DEFAULT,3001,0.051310
1000924,DEFAULT,52159,0.062278
1000925,DEFAULT,84931,0.050376
1000926,DEFAULT,3012,0.053504
1000927,DEFAULT,3013,0.054288
1000928,DEFAULT,84935,0.055194
1000929,DEFAULT,76746,0.050376
1000930,DEFAULT,3023,0.060707
1000931,DEFAULT,76754,0.050513
1000932,DEFAULT,68563,0.053523
1000933,DEFAULT,68567,0.050376
1000934,DEFAULT,68571,0.050631
1000935,DEFAULT,52191,0.050513
1000936,DEFAULT,52194,0.118652
1000937,DEFAULT,76771,0.050376
1000938,DEFAULT,76772,0.051530
1000939,DEFAULT,56487,0.054266
1000940,DEFAULT,60397,0.054270
1000941,DEFAULT,52206,0.055182
1000942,DEFAULT,68596,0.050376
1000943,DEFAULT,60410,0.050377
1000944,DEFAULT,3071,0.053748
1000945,DEFAULT,68608,0.054266
1000946,DEFAULT,3076,0.056929
1000947,DEFAULT,52231,0.054066
1000948,DEFAULT,85000,0.055667
1000949,DEFAULT,3081,0.057912
1000950,DEFAULT,82210,0.056769
1000951,DEFAULT,85007,0.051723
1000952,DEFAULT,68629,0.050513
1000953,DEFAULT,85014,0.055228
1000954,DEFAULT,85016,0.050376
1000955,DEFAULT,61958,0.057188
1000956,DEFAULT,52263,0.053088
1000957,DEFAULT,52267,0.054066
1000958,DEFAULT,76846,0.057113
1000959,DEFAULT,76848,0.054056
1000960,DEFAULT,85043,0.050376
1000961,DEFAULT,67422,0.085014
1000962,DEFAULT,61961,0.053504
1000963,DEFAULT,76856,0.082490
1000964,DEFAULT,76857,0.054266
1000965,DEFAULT,85061,0.069183
1000966,DEFAULT,85064,0.050376
1000967,DEFAULT,76873,0.079581
1000968,DEFAULT,85067,0.050726
1000969,DEFAULT,68689,0.053695
1000970,DEFAULT,52309,0.076286
1000971,DEFAULT,85083,0.058990
1000972,DEFAULT,3164,0.054251
1000973,DEFAULT,60514,0.050639
1000974,DEFAULT,52323,0.053508
1000975,DEFAULT,76902,0.051323
1000976,DEFAULT,52327,0.056877
1000977,DEFAULT,76907,0.053424
1000978,DEFAULT,76908,0.057205
1000979,DEFAULT,76909,0.053980
1000980,DEFAULT,85102,0.133965
1000981,DEFAULT,60532,0.055113
1000982,DEFAULT,85113,0.053520
1000983,DEFAULT,60541,0.053520
1000984,DEFAULT,76927,0.050513
1000985,DEFAULT,76931,0.056888
1000986,DEFAULT,60549,0.055159
1000987,DEFAULT,76935,0.058133
1000988,DEFAULT,3213,0.057575
1000989,DEFAULT,52366,0.050376
1000990,DEFAULT,68753,0.050499
1000991,DEFAULT,68754,0.085882
1000992,DEFAULT,68755,0.051688
1000993,DEFAULT,60564,0.054251
1000994,DEFAULT,85146,0.053769
1000995,DEFAULT,3230,0.053071
1000996,DEFAULT,52385,0.050376
1000997,DEFAULT,60580,0.109310
1000998,DEFAULT,85158,0.055204
1000999,DEFAULT,68775,0.060110
1001000,DEFAULT,52392,0.068409
1001001,DEFAULT,60586,0.055159
1001002,DEFAULT,52423,0.076498
1001003,DEFAULT,68783,0.207897
1001004,DEFAULT,76976,0.053520
1001005,DEFAULT,56520,0.053731
1001006,DEFAULT,52402,0.050508
1001007,DEFAULT,52403,0.053773
1001008,DEFAULT,68788,0.053613
1001009,DEFAULT,60601,0.055176
1001010,DEFAULT,68799,0.053485
1001011,DEFAULT,85191,0.058729
1001012,DEFAULT,52426,0.054056
1001013,DEFAULT,85197,0.053769
1001014,DEFAULT,63352,0.064786
1001015,DEFAULT,60626,0.123584
1001016,DEFAULT,3283,0.056428
1001017,DEFAULT,60635,0.053523
1001018,DEFAULT,3292,0.057061
1001019,DEFAULT,60639,0.050376
1001020,DEFAULT,85216,0.050464
1001021,DEFAULT,52449,0.070011
1001022,DEFAULT,54939,0.073155
1001023,DEFAULT,52456,0.077513
1001024,DEFAULT,60655,0.055176
1001025,DEFAULT,60660,0.054228
1001026,DEFAULT,53801,0.051178
1001027,DEFAULT,52474,0.127370
1001028,DEFAULT,85245,0.065771
1001029,DEFAULT,85248,0.057868
1001030,DEFAULT,60681,0.054209
1001031,DEFAULT,68879,0.072107
1001032,DEFAULT,77073,0.050477
1001033,DEFAULT,3346,0.050490
1001034,DEFAULT,67459,0.116012
1001035,DEFAULT,68884,0.050376
1001036,DEFAULT,52501,0.050376
1001037,DEFAULT,60703,0.056969
1001038,DEFAULT,52512,0.083775
1001039,DEFAULT,60705,0.082474
1001040,DEFAULT,68898,0.051282
1001041,DEFAULT,52523,0.053269
1001042,DEFAULT,85297,0.062299
1001043,DEFAULT,68919,0.050376
1001044,DEFAULT,85311,0.050376
1001045,DEFAULT,52547,0.054066
1001046,DEFAULT,85318,0.054251
1001047,DEFAULT,3400,0.052349
1001048,DEFAULT,60747,0.050639
1001049,DEFAULT,3405,0.056505
1001050,DEFAULT,52561,0.050643
1001051,DEFAULT,77144,0.051316
1001052,DEFAULT,60767,0.055056
1001053,DEFAULT,68960,0.053512
1001054,DEFAULT,68971,0.062163
1001055,DEFAULT,77169,0.050464
1001056,DEFAULT,77175,0.072767
1001057,DEFAULT,77177,0.050376
1001058,DEFAULT,3452,0.053074
1001059,DEFAULT,60800,0.054490
1001060,DEFAULT,52610,0.053733
1001061,DEFAULT,60803,0.053091
1001062,DEFAULT,77188,0.050646
1001063,DEFAULT,3477,0.055147
1001064,DEFAULT,77215,0.083615
1001065,DEFAULT,77217,0.050376
1001066,DEFAULT,60857,0.134728
1001067,DEFAULT,69051,0.067137
1001068,DEFAULT,69052,0.051670
1001069,DEFAULT,52670,0.054385
1001070,DEFAULT,69055,0.053091
1001071,DEFAULT,69059,0.076021
1001072,DEFAULT,52677,0.050504
1001073,DEFAULT,52682,0.073774
1001074,DEFAULT,3535,0.057375
1001075,DEFAULT,77264,0.057527
1001076,DEFAULT,3551,0.060995
1001077,DEFAULT,52707,0.072527
1001078,DEFAULT,3556,0.053760
1001079,DEFAULT,60916,0.055188
1001080,DEFAULT,77311,0.056181
1001081,DEFAULT,77056,0.050508
1001082,DEFAULT,60930,0.196009
1001083,DEFAULT,52749,0.050499
1001084,DEFAULT,69135,0.050513
1001085,DEFAULT,52752,0.071831
1001086,DEFAULT,3604,0.053077
1001087,DEFAULT,3606,0.060019
1001088,DEFAULT,60958,0.050508
1001089,DEFAULT,77348,0.070735
1001090,DEFAULT,69158,0.054253
1001091,DEFAULT,74332,0.054352
1001092,DEFAULT,605,0.065127
1001093,DEFAULT,69174,0.076079
1001094,DEFAULT,52795,0.068904
1001095,DEFAULT,72970,0.051316
1001096,DEFAULT,3646,0.051444
1001097,DEFAULT,69185,0.057886
1001098,DEFAULT,77381,0.258207
1001099,DEFAULT,68590,0.069862
1001100,DEFAULT,52814,0.053084
1001101,DEFAULT,69213,0.050376
1001102,DEFAULT,52830,0.057411
1001103,DEFAULT,3685,0.054413
1001104,DEFAULT,3705,0.054148
1001105,DEFAULT,61051,0.060019
1001106,DEFAULT,77444,0.074133
1001107,DEFAULT,77445,0.249846
1001108,DEFAULT,3718,0.053091
1001109,DEFAULT,78444,0.092906
1001110,DEFAULT,69258,0.054413
1001111,DEFAULT,69264,0.050635
1001112,DEFAULT,77458,0.055118
1001113,DEFAULT,69267,0.053448
1001114,DEFAULT,77460,0.060724
1001115,DEFAULT,3736,0.054242
1001116,DEFAULT,67524,0.128543
1001117,DEFAULT,77471,0.055170
1001118,DEFAULT,69287,0.051275
1001119,DEFAULT,52906,0.074023
1001120,DEFAULT,69291,0.053773
1001121,DEFAULT,77489,0.050513
1001122,DEFAULT,52915,0.054270
1001123,DEFAULT,3764,0.054066
1001124,DEFAULT,52922,0.090343
1001125,DEFAULT,52925,0.050376
1001126,DEFAULT,3777,0.057459
1001127,DEFAULT,61122,0.155280
1001128,DEFAULT,69317,0.056383
1001129,DEFAULT,77511,0.051323
1001130,DEFAULT,3785,0.050609
1001131,DEFAULT,3362,0.055182
1001132,DEFAULT,67533,0.050376
1001133,DEFAULT,69328,0.050376
1001134,DEFAULT,52948,0.050513
1001135,DEFAULT,52958,0.051310
1001136,DEFAULT,3808,0.050635
1001137,DEFAULT,3809,0.053763
1001138,DEFAULT,69348,0.058578
1001139,DEFAULT,77541,0.122393
1001140,DEFAULT,61162,0.109444
1001141,DEFAULT,61166,0.054237
1001142,DEFAULT,77555,0.101960
1001143,DEFAULT,61172,0.073250
1001144,DEFAULT,69371,0.050624
1001145,DEFAULT,3836,0.054967
1001146,DEFAULT,61184,0.055176
1001147,DEFAULT,61186,0.062226
1001148,DEFAULT,85291,0.050376
1001149,DEFAULT,3844,0.053173
1001150,DEFAULT,77575,0.050376
1001151,DEFAULT,69386,0.055088
1001152,DEFAULT,53004,0.054061
1001153,DEFAULT,74370,0.050376
1001154,DEFAULT,69393,0.054061
1001155,DEFAULT,51957,0.057366
1001156,DEFAULT,69407,0.050376
1001157,DEFAULT,77603,0.050376
1001158,DEFAULT,78470,0.059030
1001159,DEFAULT,53032,0.053701
1001160,DEFAULT,77611,0.062005
1001161,DEFAULT,69422,0.053891
1001162,DEFAULT,69425,0.053769
1001163,DEFAULT,53046,0.053054
1001164,DEFAULT,77624,0.051310
1001165,DEFAULT,78475,0.067906
1001166,DEFAULT,69446,0.144513
1001167,DEFAULT,61255,0.050377
1001168,DEFAULT,77642,0.050376
1001169,DEFAULT,77645,0.055182
1001170,DEFAULT,3924,0.053765
1001171,DEFAULT,61271,0.050376
1001172,DEFAULT,61274,0.053448
1001173,DEFAULT,79845,0.059225
1001174,DEFAULT,53096,0.053773
1001175,DEFAULT,61290,0.054056
1001176,DEFAULT,61295,0.058137
1001177,DEFAULT,61298,0.068955
1001178,DEFAULT,74387,0.050376
1001179,DEFAULT,69493,0.066959
1001180,DEFAULT,61307,0.050499
1001181,DEFAULT,69512,0.063617
1001182,DEFAULT,53134,0.087510
1001183,DEFAULT,69526,0.051213
1001184,DEFAULT,56492,0.053744
1001185,DEFAULT,69528,0.053765
1001186,DEFAULT,77722,0.059157
1001187,DEFAULT,69531,0.050513
1001188,DEFAULT,61346,0.050639
1001189,DEFAULT,77733,0.053091
1001190,DEFAULT,77739,0.053594
1001191,DEFAULT,53164,0.054052
1001192,DEFAULT,53170,0.053074
1001193,DEFAULT,53173,0.055654
1001194,DEFAULT,77758,0.124104
1001195,DEFAULT,59381,0.056251
1001196,DEFAULT,81228,0.074313
1001197,DEFAULT,4043,0.059566
1001198,DEFAULT,61388,0.054247
1001199,DEFAULT,69582,0.055750
1001200,DEFAULT,4047,0.059004
1001201,DEFAULT,61394,0.053765
1001202,DEFAULT,53205,0.054956
1001203,DEFAULT,69592,0.162891
1001204,DEFAULT,61405,0.050499
1001205,DEFAULT,69599,0.051125
1001206,DEFAULT,53223,0.050376
1001207,DEFAULT,77802,0.053756
1001208,DEFAULT,61420,0.070464
1001209,DEFAULT,69613,0.050377
1001210,DEFAULT,61424,0.055658
1001211,DEFAULT,53237,0.065218
1001212,DEFAULT,77819,0.053212
1001213,DEFAULT,56661,0.050643
1001214,DEFAULT,77826,0.130290
1001215,DEFAULT,77835,0.050646
1001216,DEFAULT,61463,0.105345
1001217,DEFAULT,53273,0.054190
1001218,DEFAULT,53277,0.053773
1001219,DEFAULT,4128,0.055668
1001220,DEFAULT,69665,0.059373
1001221,DEFAULT,61476,0.060869
1001222,DEFAULT,53291,0.078560
1001223,DEFAULT,4140,0.054029
1001224,DEFAULT,61485,0.055182
1001225,DEFAULT,4143,0.056450
1001226,DEFAULT,4146,0.050643
1001227,DEFAULT,61495,0.053088
1001228,DEFAULT,3423,0.053527
1001229,DEFAULT,69693,0.070696
1001230,DEFAULT,61502,0.050376
1001231,DEFAULT,49845,0.050508
1001232,DEFAULT,69700,0.050376
1001233,DEFAULT,694,0.066256
1001234,DEFAULT,69707,0.053516
1001235,DEFAULT,4172,0.050627
1001236,DEFAULT,53328,0.055176
1001237,DEFAULT,61525,0.050377
1001238,DEFAULT,4191,0.050624
1001239,DEFAULT,53351,0.184525
1001240,DEFAULT,61545,0.050513
1001241,DEFAULT,61547,0.065305
1001242,DEFAULT,77932,0.053084
1001243,DEFAULT,69750,0.054266
1001244,DEFAULT,69753,0.050376
1001245,DEFAULT,61567,0.202982
1001246,DEFAULT,61575,0.054066
1001247,DEFAULT,61576,0.053071
1001248,DEFAULT,61586,0.056460
1001249,DEFAULT,69783,0.053719
1001250,DEFAULT,61592,0.054157
1001251,DEFAULT,77988,0.078271
1001252,DEFAULT,69798,0.053088
1001253,DEFAULT,53416,0.059479
1001254,DEFAULT,53418,0.061566
1001255,DEFAULT,61612,0.054066
1001256,DEFAULT,78004,0.050499
1001257,DEFAULT,53441,0.093989
1001258,DEFAULT,78021,0.058305
1001259,DEFAULT,4298,0.055188
1001260,DEFAULT,53454,0.177182
1001261,DEFAULT,61647,0.055107
1001262,DEFAULT,53456,0.077370
1001263,DEFAULT,78036,0.050513
1001264,DEFAULT,4311,0.060522
1001265,DEFAULT,69852,0.053543
1001266,DEFAULT,53474,0.055206
1001267,DEFAULT,61668,0.050376
1001268,DEFAULT,61675,0.050377
1001269,DEFAULT,62162,0.099365
1001270,DEFAULT,61685,0.059704
1001271,DEFAULT,53497,0.053652
1001272,DEFAULT,69882,0.058451
1001273,DEFAULT,4349,0.053520
1001274,DEFAULT,69888,0.053760
1001275,DEFAULT,69894,0.056241
1001276,DEFAULT,78089,0.060525
1001277,DEFAULT,78091,0.076456
1001278,DEFAULT,69904,0.278962
1001279,DEFAULT,53530,0.108789
1001280,DEFAULT,4379,0.053516
1001281,DEFAULT,63536,0.051254
1001282,DEFAULT,53541,0.063429
1001283,DEFAULT,69929,0.053047
1001284,DEFAULT,78126,0.050513
1001285,DEFAULT,78133,0.053084
1001286,DEFAULT,61753,0.057184
1001287,DEFAULT,63705,0.051316
1001288,DEFAULT,74463,0.053773
1001289,DEFAULT,53564,0.053500
1001290,DEFAULT,61764,0.090929
1001291,DEFAULT,69964,0.053533
1001292,DEFAULT,53583,0.116548
1001293,DEFAULT,69974,0.050376
1001294,DEFAULT,78171,0.053858
1001295,DEFAULT,69982,0.050639
1001296,DEFAULT,61795,0.054247
1001297,DEFAULT,61797,0.054278
1001298,DEFAULT,61800,0.053241
1001299,DEFAULT,78189,0.055194
1001300,DEFAULT,4464,0.053522
1001301,DEFAULT,70002,0.057449
1001302,DEFAULT,53624,0.234719
1001303,DEFAULT,70016,0.089824
1001304,DEFAULT,78571,0.059464
1001305,DEFAULT,53636,0.054066
1001306,DEFAULT,71745,0.054524
1001307,DEFAULT,70029,0.055194
1001308,DEFAULT,70036,0.053081
1001309,DEFAULT,61850,0.053091
1001310,DEFAULT,4509,0.053765
1001311,DEFAULT,61856,0.050376
1001312,DEFAULT,53669,0.116529
1001313,DEFAULT,4518,0.052331
1001314,DEFAULT,70060,0.050481
1001315,DEFAULT,53681,0.113869
1001316,DEFAULT,53682,0.066973
1001317,DEFAULT,53684,0.050639
1001318,DEFAULT,4534,0.054577
1001319,DEFAULT,78263,0.056481
1001320,DEFAULT,70073,0.050513
1001321,DEFAULT,61891,0.050508
1001322,DEFAULT,61892,0.050513
1001323,DEFAULT,66294,0.055194
1001324,DEFAULT,61895,0.050376
1001325,DEFAULT,53708,0.050575
1001326,DEFAULT,70095,0.050481
1001327,DEFAULT,61905,0.051316
1001328,DEFAULT,53717,0.069093
1001329,DEFAULT,53720,0.208829
1001330,DEFAULT,4569,0.053081
1001331,DEFAULT,4571,0.055194
1001332,DEFAULT,61916,0.050376
1001333,DEFAULT,61917,0.058355
1001334,DEFAULT,53726,0.051323
1001335,DEFAULT,53736,0.050643
1001336,DEFAULT,70122,0.053074
1001337,DEFAULT,70124,0.050376
1001338,DEFAULT,70128,0.054253
1001339,DEFAULT,70130,0.053088
1001340,DEFAULT,70136,0.050377
1001341,DEFAULT,78330,0.050377
1001342,DEFAULT,61950,0.053520
1001343,DEFAULT,78340,0.055182
1001344,DEFAULT,70150,0.050376
1001345,DEFAULT,4615,0.055188
1001346,DEFAULT,61960,0.050376
1001347,DEFAULT,78345,0.054061
1001348,DEFAULT,2136,0.056465
1001349,DEFAULT,4626,0.053311
1001350,DEFAULT,70166,0.055188
1001351,DEFAULT,78359,0.054111
1001352,DEFAULT,53785,0.054406
1001353,DEFAULT,4635,0.056631
1001354,DEFAULT,53789,0.054131
1001355,DEFAULT,61983,0.050376
1001356,DEFAULT,4640,0.050376
1001357,DEFAULT,78370,0.063164
1001358,DEFAULT,75867,0.050376
1001359,DEFAULT,61989,0.059440
1001360,DEFAULT,4649,0.055652
1001361,DEFAULT,70190,0.050376
1001362,DEFAULT,4658,0.051452
1001363,DEFAULT,53811,0.085865
1001364,DEFAULT,4662,0.051454
1001365,DEFAULT,62008,0.050646
1001366,DEFAULT,62015,0.078451
1001367,DEFAULT,62018,0.054066
1001368,DEFAULT,79970,0.065894
1001369,DEFAULT,53894,0.268388
1001370,DEFAULT,78418,0.050513
1001371,DEFAULT,78422,0.050504
1001372,DEFAULT,3513,0.053074
1001373,DEFAULT,53854,0.053523
1001374,DEFAULT,78437,0.054405
1001375,DEFAULT,78439,0.086866
1001376,DEFAULT,70249,0.056270
1001377,DEFAULT,70250,0.055147
1001378,DEFAULT,62060,0.078947
1001379,DEFAULT,62062,0.059534
1001380,DEFAULT,74517,0.053549
1001381,DEFAULT,78464,0.053516
1001382,DEFAULT,70274,0.050627
1001383,DEFAULT,62086,0.159407
1001384,DEFAULT,70279,0.054214
1001385,DEFAULT,70283,0.056162
1001386,DEFAULT,78486,0.053909
1001387,DEFAULT,78487,0.053071
1001388,DEFAULT,70296,0.053088
1001389,DEFAULT,53914,0.205431
1001390,DEFAULT,62107,0.061014
1001391,DEFAULT,78497,0.050377
1001392,DEFAULT,70306,0.050609
1001393,DEFAULT,78512,0.053077
1001394,DEFAULT,62129,0.050376
1001395,DEFAULT,62132,0.050376
1001396,DEFAULT,78519,0.050631
1001397,DEFAULT,62137,0.058814
1001398,DEFAULT,70330,0.051522
1001399,DEFAULT,53948,0.055194
1001400,DEFAULT,62143,0.050376
1001401,DEFAULT,62144,0.051303
1001402,DEFAULT,71629,0.062406
1001403,DEFAULT,70348,0.050376
1001404,DEFAULT,78544,0.063165
1001405,DEFAULT,53970,0.054404
1001406,DEFAULT,70357,0.058293
1001407,DEFAULT,62166,0.055170
1001408,DEFAULT,78552,0.144565
1001409,DEFAULT,78553,0.050594
1001410,DEFAULT,53982,0.053743
1001411,DEFAULT,4834,0.051323
1001412,DEFAULT,78564,0.050377
1001413,DEFAULT,74534,0.053067
1001414,DEFAULT,78569,0.051303
1001415,DEFAULT,62187,0.050464
1001416,DEFAULT,73170,0.053773
1001417,DEFAULT,54002,0.118521
1001418,DEFAULT,54003,0.055194
1001419,DEFAULT,4853,0.053752
1001420,DEFAULT,54006,0.058172
1001421,DEFAULT,70395,0.054021
1001422,DEFAULT,78591,0.088629
1001423,DEFAULT,78595,0.093636
1001424,DEFAULT,78606,0.053091
1001425,DEFAULT,54032,0.157702
1001426,DEFAULT,78611,0.119745
1001427,DEFAULT,54037,0.050376
1001428,DEFAULT,78614,0.053523
1001429,DEFAULT,54043,0.053081
1001430,DEFAULT,73178,0.050513
1001431,DEFAULT,54051,0.056450
1001432,DEFAULT,54053,0.124163
1001433,DEFAULT,62246,0.056961
1001434,DEFAULT,62249,0.050646
1001435,DEFAULT,62253,0.106508
1001436,DEFAULT,78638,0.053998
1001437,DEFAULT,70448,0.053773
1001438,DEFAULT,78641,0.051261
1001439,DEFAULT,70453,0.054266
1001440,DEFAULT,62264,0.065434
1001441,DEFAULT,4923,0.053508
1001442,DEFAULT,78652,0.051310
1001443,DEFAULT,4930,0.054490
1001444,DEFAULT,54091,0.054038
1001445,DEFAULT,70476,0.050376
1001446,DEFAULT,54094,0.055170
1001447,DEFAULT,58168,0.050377
1001448,DEFAULT,70483,0.058294
1001449,DEFAULT,58169,0.053091
1001450,DEFAULT,83909,0.052517
1001451,DEFAULT,78687,0.050376
1001452,DEFAULT,62304,0.068748
1001453,DEFAULT,70459,0.050377
1001454,DEFAULT,78698,0.050376
1001455,DEFAULT,78700,0.056753
1001456,DEFAULT,80018,0.050513
1001457,DEFAULT,4977,0.054093
1001458,DEFAULT,67731,0.053041
1001459,DEFAULT,58814,0.050376
1001460,DEFAULT,70271,0.098151
1001461,DEFAULT,62334,0.053504
1001462,DEFAULT,78723,0.089021
1001463,DEFAULT,62344,0.051282
1001464,DEFAULT,54155,0.092476
1001465,DEFAULT,70543,0.053061
1001466,DEFAULT,78737,0.050646
1001467,DEFAULT,54167,0.051323
1001468,DEFAULT,70555,0.050376
1001469,DEFAULT,62365,0.050508
1001470,DEFAULT,78750,0.056458
1001471,DEFAULT,62369,0.050377
1001472,DEFAULT,5028,0.050499
1001473,DEFAULT,70570,0.051220
1001474,DEFAULT,70575,0.053037
1001475,DEFAULT,70579,0.055194
1001476,DEFAULT,62388,0.102663
1001477,DEFAULT,70581,0.054061
1001478,DEFAULT,5052,0.050508
1001479,DEFAULT,2209,0.058950
1001480,DEFAULT,78793,0.050590
1001481,DEFAULT,62286,0.050376
1001482,DEFAULT,5086,0.053516
1001483,DEFAULT,62434,0.071013
1001484,DEFAULT,54244,0.050376
1001485,DEFAULT,70638,0.123937
1001486,DEFAULT,62452,0.066891
1001487,DEFAULT,63657,0.054232
1001488,DEFAULT,5112,0.050499
1001489,DEFAULT,55466,0.162729
1001490,DEFAULT,5118,0.056508
1001491,DEFAULT,54272,0.050376
1001492,DEFAULT,5121,0.057121
1001493,DEFAULT,63659,0.062672
1001494,DEFAULT,62473,0.050376
1001495,DEFAULT,78860,0.106122
1001496,DEFAULT,78871,0.059286
1001497,DEFAULT,81413,0.059666
1001498,DEFAULT,5153,0.054104
1001499,DEFAULT,70691,0.050508
1001500,DEFAULT,62500,0.054104
1001501,DEFAULT,78885,0.051289
1001502,DEFAULT,54316,0.249562
1001503,DEFAULT,78899,0.050513
1001504,DEFAULT,62520,0.083080
1001505,DEFAULT,54337,0.054056
1001506,DEFAULT,78917,0.056002
1001507,DEFAULT,5192,0.053926
1001508,DEFAULT,62540,0.051316
1001509,DEFAULT,54351,0.053528
1001510,DEFAULT,62545,0.051323
1001511,DEFAULT,66404,0.053680
1001512,DEFAULT,5216,0.063218
1001513,DEFAULT,62561,0.082652
1001514,DEFAULT,78956,0.074679
1001515,DEFAULT,5235,0.059836
1001516,DEFAULT,62583,0.097248
1001517,DEFAULT,54407,0.054876
1001518,DEFAULT,70799,0.070095
1001519,DEFAULT,54421,0.055176
1001520,DEFAULT,62614,0.054352
1001521,DEFAULT,70807,0.061220
1001522,DEFAULT,79002,0.147827
1001523,DEFAULT,82799,0.056771
1001524,DEFAULT,54433,0.054270
1001525,DEFAULT,79013,0.053773
1001526,DEFAULT,62630,0.053773
1001527,DEFAULT,54131,0.056130
1001528,DEFAULT,70849,0.103729
1001529,DEFAULT,70853,0.057908
1001530,DEFAULT,70855,0.050376
1001531,DEFAULT,70861,0.050376
1001532,DEFAULT,70862,0.053443
1001533,DEFAULT,79056,0.055170
1001534,DEFAULT,5330,0.050490
1001535,DEFAULT,79064,0.055141
1001536,DEFAULT,70873,0.054056
1001537,DEFAULT,70876,0.063628
1001538,DEFAULT,79070,0.051323
1001539,DEFAULT,54498,0.055759
1001540,DEFAULT,78715,0.053523
1001541,DEFAULT,79082,0.081004
1001542,DEFAULT,70895,0.063412
1001543,DEFAULT,70902,0.051323
1001544,DEFAULT,52777,0.050376
1001545,DEFAULT,62714,0.062882
1001546,DEFAULT,70907,0.051296
1001547,DEFAULT,79101,0.055176
1001548,DEFAULT,55509,0.052168
1001549,DEFAULT,70915,0.150906
1001550,DEFAULT,80089,0.059241
1001551,DEFAULT,52783,0.053773
1001552,DEFAULT,65375,0.055299
1001553,DEFAULT,62757,0.095768
1001554,DEFAULT,79152,0.058809
1001555,DEFAULT,62772,0.053635
1001556,DEFAULT,79160,0.157448
1001557,DEFAULT,54587,0.050376
1001558,DEFAULT,5436,0.050508
1001559,DEFAULT,54595,0.061070
1001560,DEFAULT,62789,0.054066
1001561,DEFAULT,70982,0.056975
1001562,DEFAULT,5458,0.050639
1001563,DEFAULT,54614,0.059227
1001564,DEFAULT,54616,0.053001
1001565,DEFAULT,54618,0.064140
1001566,DEFAULT,62811,0.050376
1001567,DEFAULT,62829,0.102493
1001568,DEFAULT,54642,0.053523
1001569,DEFAULT,62836,0.050376
1001570,DEFAULT,62837,0.050495
1001571,DEFAULT,54648,0.119897
1001572,DEFAULT,79229,0.059520
1001573,DEFAULT,54658,0.059574
1001574,DEFAULT,76011,0.070761
1001575,DEFAULT,71060,0.188704
1001576,DEFAULT,71073,0.079391
1001577,DEFAULT,62883,0.051316
1001578,DEFAULT,71076,0.050579
1001579,DEFAULT,54702,0.054047
1001580,DEFAULT,71090,0.050376
1001581,DEFAULT,54708,0.108770
1001582,DEFAULT,62901,0.055194
1001583,DEFAULT,79286,0.137436
1001584,DEFAULT,54719,0.050513
1001585,DEFAULT,79298,0.053773
1001586,DEFAULT,54725,0.053594
1001587,DEFAULT,62922,0.087597
1001588,DEFAULT,79312,0.053091
1001589,DEFAULT,71122,0.053077
1001590,DEFAULT,79328,0.069889
1001591,DEFAULT,54757,0.077409
1001592,DEFAULT,71144,0.053077
1001593,DEFAULT,76028,0.058501
1001594,DEFAULT,5611,0.053756
1001595,DEFAULT,62961,0.055182
1001596,DEFAULT,54774,0.053185
1001597,DEFAULT,54776,0.050376
1001598,DEFAULT,79353,0.054632
1001599,DEFAULT,79356,0.051296
1001600,DEFAULT,58282,0.079979
1001601,DEFAULT,54784,0.056833
1001602,DEFAULT,71171,0.050377
1001603,DEFAULT,62982,0.102798
1001604,DEFAULT,62984,0.063326
1001605,DEFAULT,62985,0.054570
1001606,DEFAULT,62990,0.050377
1001607,DEFAULT,5652,0.050468
1001608,DEFAULT,5653,0.054671
1001609,DEFAULT,71194,0.053074
1001610,DEFAULT,54817,0.055082
1001611,DEFAULT,54819,0.053057
1001612,DEFAULT,54827,0.050376
1001613,DEFAULT,52829,0.050377
1001614,DEFAULT,79415,0.056953
1001615,DEFAULT,71228,0.050376
1001616,DEFAULT,63046,0.054038
1001617,DEFAULT,79439,0.060947
1001618,DEFAULT,79444,0.067038
1001619,DEFAULT,63069,0.050646
1001620,DEFAULT,63073,0.050376
1001621,DEFAULT,63075,0.131672
1001622,DEFAULT,71272,0.053091
1001623,DEFAULT,70588,0.053773
1001624,DEFAULT,79468,0.051323
1001625,DEFAULT,63085,0.196937
1001626,DEFAULT,71284,0.054818
1001627,DEFAULT,54903,0.053481
1001628,DEFAULT,54918,0.053773
1001629,DEFAULT,54919,0.050646
1001630,DEFAULT,79496,0.060493
1001631,DEFAULT,71307,0.050376
1001632,DEFAULT,79504,0.071723
1001633,DEFAULT,50657,0.053485
1001634,DEFAULT,63128,0.050627
1001635,DEFAULT,63131,0.092679
1001636,DEFAULT,63137,0.054077
1001637,DEFAULT,54952,0.055118
1001638,DEFAULT,71339,0.053504
1001639,DEFAULT,79534,0.050376
1001640,DEFAULT,71343,0.053212
1001641,DEFAULT,54960,0.056334
1001642,DEFAULT,63156,0.053736
1001643,DEFAULT,54965,0.050513
1001644,DEFAULT,79542,0.050376
1001645,DEFAULT,79544,0.053769
1001646,DEFAULT,71357,0.055228
1001647,DEFAULT,79554,0.055188
1001648,DEFAULT,71367,0.050376
1001649,DEFAULT,63180,0.078423
1001650,DEFAULT,71375,0.091956
1001651,DEFAULT,79569,0.082796
1001652,DEFAULT,71383,0.055188
1001653,DEFAULT,71384,0.050513
1001654,DEFAULT,59684,0.051310
1001655,DEFAULT,63196,0.054066
1001656,DEFAULT,79587,0.078995
1001657,DEFAULT,79589,0.054065
1001658,DEFAULT,71406,0.126068
1001659,DEFAULT,71409,0.050376
1001660,DEFAULT,79605,0.067325
1001661,DEFAULT,63227,0.050376
1001662,DEFAULT,79613,0.050376
1001663,DEFAULT,79620,0.066581
1001664,DEFAULT,71429,0.057247
1001665,DEFAULT,55053,0.086238
1001666,DEFAULT,55057,0.050376
1001667,DEFAULT,79644,0.055194
1001668,DEFAULT,69253,0.050376
1001669,DEFAULT,79650,0.050376
1001670,DEFAULT,63268,0.051323
1001671,DEFAULT,79660,0.080010
1001672,DEFAULT,66525,0.054270
1001673,DEFAULT,79671,0.086471
1001674,DEFAULT,53936,0.050376
1001675,DEFAULT,71488,0.053157
1001676,DEFAULT,55106,0.135415
1001677,DEFAULT,55109,0.050377
1001678,DEFAULT,79693,0.085062
1001679,DEFAULT,79695,0.053504
1001680,DEFAULT,63313,0.050495
1001681,DEFAULT,63322,0.050376
1001682,DEFAULT,55133,0.054270
1001683,DEFAULT,55139,0.063109
1001684,DEFAULT,65171,0.056856
1001685,DEFAULT,55157,0.051310
1001686,DEFAULT,55158,0.050376
1001687,DEFAULT,79736,0.051323
1001688,DEFAULT,55175,0.053088
1001689,DEFAULT,71563,0.090228
1001690,DEFAULT,63372,0.059590
1001691,DEFAULT,47665,0.136935
1001692,DEFAULT,72004,0.093202
1001693,DEFAULT,71585,0.058023
1001694,DEFAULT,63403,0.050376
1001695,DEFAULT,55218,0.056263
1001696,DEFAULT,71603,0.055170
1001697,DEFAULT,63415,0.053508
1001698,DEFAULT,71612,0.050639
1001699,DEFAULT,63424,0.051296
1001700,DEFAULT,63430,0.051303
1001701,DEFAULT,79815,0.352502
1001702,DEFAULT,79821,0.053769
1001703,DEFAULT,55247,0.053088
1001704,DEFAULT,79825,0.050377
1001705,DEFAULT,71634,0.055188
1001706,DEFAULT,79834,0.053091
1001707,DEFAULT,71644,0.053773
1001708,DEFAULT,71645,0.050376
1001709,DEFAULT,74747,0.050376
1001710,DEFAULT,71653,0.051247
1001711,DEFAULT,1021,0.070719
1001712,DEFAULT,63828,0.050575
1001713,DEFAULT,79877,0.050376
1001714,DEFAULT,63494,0.057677
1001715,DEFAULT,55303,0.050376
1001716,DEFAULT,70200,0.053523
1001717,DEFAULT,55308,0.055194
1001718,DEFAULT,63501,0.050513
1001719,DEFAULT,55313,0.050376
1001720,DEFAULT,55314,0.075630
1001721,DEFAULT,71699,0.053773
1001722,DEFAULT,63509,0.051323
1001723,DEFAULT,63513,0.101186
1001724,DEFAULT,79901,0.199541
1001725,DEFAULT,63518,0.051091
1001726,DEFAULT,81584,0.064532
1001727,DEFAULT,63522,0.054503
1001728,DEFAULT,79911,0.065609
1001729,DEFAULT,63535,0.054016
1001730,DEFAULT,79920,0.054266
1001731,DEFAULT,55349,0.054043
1001732,DEFAULT,69300,0.175237
1001733,DEFAULT,79937,0.058198
1001734,DEFAULT,71746,0.053744
1001735,DEFAULT,71756,0.069845
1001736,DEFAULT,55374,0.050376
1001737,DEFAULT,79956,0.145362
1001738,DEFAULT,73401,0.051051
1001739,DEFAULT,71770,0.054056
1001740,DEFAULT,71778,0.059378
1001741,DEFAULT,76134,0.050513
1001742,DEFAULT,55400,0.123594
1001743,DEFAULT,55412,0.067171
1001744,DEFAULT,55657,0.051316
1001745,DEFAULT,79994,0.055159
1001746,DEFAULT,71805,0.077796
1001747,DEFAULT,80000,0.051289
1001748,DEFAULT,80004,0.050376
1001749,DEFAULT,1046,0.063881
1001750,DEFAULT,63852,0.091460
1001751,DEFAULT,55442,0.050376
1001752,DEFAULT,63637,0.055182
1001753,DEFAULT,65220,0.050504
1001754,DEFAULT,71845,0.054261
1001755,DEFAULT,71849,0.050376
1001756,DEFAULT,63658,0.055153
1001757,DEFAULT,61127,0.053711
1001758,DEFAULT,80044,0.050473
1001759,DEFAULT,80045,0.050376
1001760,DEFAULT,50205,0.050376
1001761,DEFAULT,63664,0.050513
1001762,DEFAULT,71857,0.114659
1001763,DEFAULT,71858,0.054744
1001764,DEFAULT,74782,0.050376
1001765,DEFAULT,63674,0.050376
1001766,DEFAULT,71867,0.058183
1001767,DEFAULT,63677,0.050376
1001768,DEFAULT,65229,0.082683
1001769,DEFAULT,67960,0.050377
1001770,DEFAULT,62499,0.053773
1001771,DEFAULT,63701,0.052464
1001772,DEFAULT,80088,0.056556
1001773,DEFAULT,70692,0.063924
1001774,DEFAULT,63711,0.058769
1001775,DEFAULT,80096,0.053756
1001776,DEFAULT,80099,0.068241
1001777,DEFAULT,55537,0.053523
1001778,DEFAULT,71923,0.059590
1001779,DEFAULT,69332,0.050376
1001780,DEFAULT,71933,0.053500
1001781,DEFAULT,71938,0.054066
1001782,DEFAULT,55555,0.118118
1001783,DEFAULT,63755,0.050481
1001784,DEFAULT,55566,0.064011
1001785,DEFAULT,55572,0.102287
1001786,DEFAULT,63765,0.050376
1001787,DEFAULT,71959,0.053352
1001788,DEFAULT,55576,0.053071
1001789,DEFAULT,63775,0.050377
1001790,DEFAULT,71978,0.059503
1001791,DEFAULT,51591,0.050376
1001792,DEFAULT,63790,0.050376
1001793,DEFAULT,55599,0.059510
1001794,DEFAULT,75230,0.050376
1001795,DEFAULT,71993,0.050377
1001796,DEFAULT,80189,0.053088
1001797,DEFAULT,77536,0.050376
1001798,DEFAULT,63812,0.050627
1001799,DEFAULT,72005,0.050627
1001800,DEFAULT,80201,0.059417
1001801,DEFAULT,72015,0.053760
1001802,DEFAULT,70712,0.089502
1001803,DEFAULT,72020,0.053091
1001804,DEFAULT,63832,0.050376
1001805,DEFAULT,55641,0.082853
1001806,DEFAULT,80226,0.050376
1001807,DEFAULT,83004,0.054056
1001808,DEFAULT,63850,0.050513
1001809,DEFAULT,55660,0.065884
1001810,DEFAULT,72051,0.084111
1001811,DEFAULT,69354,0.053091
1001812,DEFAULT,80256,0.059031
1001813,DEFAULT,72070,0.050376
1001814,DEFAULT,66625,0.050376
1001815,DEFAULT,72073,0.077857
1001816,DEFAULT,80266,0.056683
1001817,DEFAULT,55693,0.117862
1001818,DEFAULT,47502,0.051682
1001819,DEFAULT,72088,0.051522
1001820,DEFAULT,63893,0.053760
1001821,DEFAULT,72087,0.067872
1001822,DEFAULT,71687,0.054052
1001823,DEFAULT,55706,0.157200
1001824,DEFAULT,63904,0.054324
1001825,DEFAULT,55713,0.063343
1001826,DEFAULT,47522,0.055176
1001827,DEFAULT,55719,0.054056
1001828,DEFAULT,55720,0.053516
1001829,DEFAULT,80298,0.051323
1001830,DEFAULT,72107,0.053773
1001831,DEFAULT,72125,0.050376
1001832,DEFAULT,80329,0.050513
1001833,DEFAULT,63947,0.056565
1001834,DEFAULT,63948,0.050513
1001835,DEFAULT,47578,0.077161
1001836,DEFAULT,80350,0.061331
1001837,DEFAULT,72159,0.056689
1001838,DEFAULT,63968,0.053765
1001839,DEFAULT,80353,0.056291
1001840,DEFAULT,55778,0.053516
1001841,DEFAULT,47588,0.061161
1001842,DEFAULT,72165,0.050376
1001843,DEFAULT,80375,0.060105
1001844,DEFAULT,55802,0.071601
1001845,DEFAULT,47530,0.056922
1001846,DEFAULT,72191,0.055194
1001847,DEFAULT,80299,0.053523
1001848,DEFAULT,72509,0.084095
1001849,DEFAULT,72202,0.050631
1001850,DEFAULT,55825,0.050504
1001851,DEFAULT,47639,0.055182
1001852,DEFAULT,55839,0.053034
1001853,DEFAULT,80416,0.050513
1001854,DEFAULT,64033,0.050513
1001855,DEFAULT,72227,0.050376
1001856,DEFAULT,64041,0.057050
1001857,DEFAULT,80428,0.059341
1001858,DEFAULT,64049,0.060692
1001859,DEFAULT,55863,0.050643
1001860,DEFAULT,72249,0.050376
1001861,DEFAULT,72250,0.050377
1001862,DEFAULT,64062,0.079552
1001863,DEFAULT,72255,0.050513
1001864,DEFAULT,70752,0.051310
1001865,DEFAULT,47684,0.050377
1001866,DEFAULT,5217,0.050635
1001867,DEFAULT,64075,0.050377
1001868,DEFAULT,64081,0.108716
1001869,DEFAULT,80469,0.131263
1001870,DEFAULT,55895,0.053756
1001871,DEFAULT,64105,0.050490
1001872,DEFAULT,55914,0.061402
1001873,DEFAULT,47726,0.059863
1001874,DEFAULT,47728,0.182354
1001875,DEFAULT,75786,0.050508
1001876,DEFAULT,58328,0.055164
1001877,DEFAULT,64118,0.199519
1001878,DEFAULT,55929,0.051323
1001879,DEFAULT,55934,0.199293
1001880,DEFAULT,80515,0.050377
1001881,DEFAULT,80516,0.050513
1001882,DEFAULT,72325,0.050376
1001883,DEFAULT,80519,0.054256
1001884,DEFAULT,72336,0.053523
1001885,DEFAULT,47761,0.136792
1001886,DEFAULT,80531,0.057951
1001887,DEFAULT,80539,0.055073
1001888,DEFAULT,72348,0.118557
1001889,DEFAULT,72355,0.125329
1001890,DEFAULT,72358,0.053091
1001891,DEFAULT,80553,0.050639
1001892,DEFAULT,72375,0.060448
1001893,DEFAULT,64189,0.053088
1001894,DEFAULT,80575,0.058006
1001895,DEFAULT,80577,0.053067
1001896,DEFAULT,72387,0.053520
1001897,DEFAULT,47813,0.055630
1001898,DEFAULT,80582,0.088653
1001899,DEFAULT,47815,0.067299
1001900,DEFAULT,64202,0.056270
1001901,DEFAULT,56011,0.196188
1001902,DEFAULT,47829,0.059582
1001903,DEFAULT,56026,0.053715
1001904,DEFAULT,72413,0.050639
1001905,DEFAULT,80607,0.051303
1001906,DEFAULT,80609,0.072218
1001907,DEFAULT,64228,0.068969
1001908,DEFAULT,72421,0.050646
1001909,DEFAULT,56051,0.105228
1001910,DEFAULT,73513,0.051296
1001911,DEFAULT,80634,0.051323
1001912,DEFAULT,56061,0.050376
1001913,DEFAULT,72446,0.057693
1001914,DEFAULT,53035,0.050646
1001915,DEFAULT,64260,0.053504
1001916,DEFAULT,47879,0.050376
1001917,DEFAULT,47886,0.068994
1001918,DEFAULT,72463,0.081609
1001919,DEFAULT,47891,0.054439
1001920,DEFAULT,56084,0.134461
1001921,DEFAULT,47893,0.069969
1001922,DEFAULT,80662,0.053773
1001923,DEFAULT,72480,0.051303
1001924,DEFAULT,51675,0.065799
1001925,DEFAULT,64294,0.070911
1001926,DEFAULT,56108,0.050508
1001927,DEFAULT,72497,0.054066
1001928,DEFAULT,2283,0.051442
1001929,DEFAULT,64311,0.080850
1001930,DEFAULT,64312,0.053523
1001931,DEFAULT,64313,0.053088
1001932,DEFAULT,80701,0.091117
1001933,DEFAULT,47934,0.057867
1001934,DEFAULT,80704,0.053213
1001935,DEFAULT,72160,0.050646
1001936,DEFAULT,56138,0.057061
1001937,DEFAULT,64332,0.050377
1001938,DEFAULT,56141,0.057398
1001939,DEFAULT,56143,0.050376
1001940,DEFAULT,48953,0.050513
1001941,DEFAULT,56152,0.079099
1001942,DEFAULT,56161,0.061001
1001943,DEFAULT,47973,0.053091
1001944,DEFAULT,56166,0.071483
1001945,DEFAULT,47975,0.063638
1001946,DEFAULT,56170,0.075199
1001947,DEFAULT,50322,0.054047
1001948,DEFAULT,80761,0.061460
1001949,DEFAULT,72570,0.050646
1001950,DEFAULT,47995,0.064256
1001951,DEFAULT,64381,0.050376
1001952,DEFAULT,80766,0.057895
1001953,DEFAULT,47999,0.050455
1001954,DEFAULT,80772,0.051199
1001955,DEFAULT,64389,0.058283
1001956,DEFAULT,80783,0.091996
1001957,DEFAULT,64400,0.082502
1001958,DEFAULT,58520,0.053765
1001959,DEFAULT,48018,0.115063
1001960,DEFAULT,56215,0.050376
1001961,DEFAULT,58338,0.050376
1001962,DEFAULT,72612,0.053091
1001963,DEFAULT,56229,0.050377
1001964,DEFAULT,64422,0.050376
1001965,DEFAULT,80807,0.075173
1001966,DEFAULT,48040,0.050594
1001967,DEFAULT,72618,0.063505
1001968,DEFAULT,3911,0.053474
1001969,DEFAULT,48045,0.156929
1001970,DEFAULT,56238,0.051323
1001971,DEFAULT,64431,0.143997
1001972,DEFAULT,56241,0.050582
1001973,DEFAULT,84467,0.198041
1001974,DEFAULT,48060,0.056422
1001975,DEFAULT,56255,0.050376
1001976,DEFAULT,48069,0.053071
1001977,DEFAULT,48072,0.050376
1001978,DEFAULT,56266,0.054190
1001979,DEFAULT,64459,0.055182
1001980,DEFAULT,64462,0.057454
1001981,DEFAULT,72658,0.061136
1001982,DEFAULT,48084,0.050513
1001983,DEFAULT,64471,0.050376
1001984,DEFAULT,65351,0.054066
1001985,DEFAULT,48091,0.092434
1001986,DEFAULT,72668,0.053071
1001987,DEFAULT,68090,0.050376
1001988,DEFAULT,64481,0.050499
1001989,DEFAULT,64485,0.183493
1001990,DEFAULT,64492,0.067697
1001991,DEFAULT,65362,0.090201
1001992,DEFAULT,80879,0.057417
1001993,DEFAULT,80883,0.076596
1001994,DEFAULT,48120,0.050631
1001995,DEFAULT,48127,0.056027
1001996,DEFAULT,56320,0.050513
1001997,DEFAULT,56328,0.050646
1001998,DEFAULT,48137,0.050513
1001999,DEFAULT,80916,0.063487
1002000,DEFAULT,80926,0.050376
1002001,DEFAULT,48163,0.050377
1002002,DEFAULT,72743,0.062990
1002003,DEFAULT,64552,0.050376
1002004,DEFAULT,80937,0.053081
1002005,DEFAULT,48172,0.055176
1002006,DEFAULT,80942,0.089249
1002007,DEFAULT,48176,0.073887
1002008,DEFAULT,56370,0.054034
1002009,DEFAULT,70835,0.050508
1002010,DEFAULT,80949,0.054034
1002011,DEFAULT,80955,0.050411
1002012,DEFAULT,72764,0.057941
1002013,DEFAULT,80959,0.183125
1002014,DEFAULT,64583,0.053901
1002015,DEFAULT,80968,0.050376
1002016,DEFAULT,48202,0.050627
1002017,DEFAULT,56399,0.053554
1002018,DEFAULT,56401,0.050376
1002019,DEFAULT,48210,0.050646
1002020,DEFAULT,72790,0.101641
1002021,DEFAULT,82349,0.055194
1002022,DEFAULT,80987,0.053731
1002023,DEFAULT,64607,0.053523
1002024,DEFAULT,48229,0.054171
1002025,DEFAULT,64620,0.050377
1002026,DEFAULT,48239,0.106394
1002027,DEFAULT,72825,0.053523
1002028,DEFAULT,81018,0.055176
1002029,DEFAULT,56444,0.053520
1002030,DEFAULT,81027,0.051323
1002031,DEFAULT,56455,0.050376
1002032,DEFAULT,68119,0.050377
1002033,DEFAULT,64654,0.126593
1002034,DEFAULT,48278,0.053420
1002035,DEFAULT,48280,0.059676
1002036,DEFAULT,48285,0.054270
1002037,DEFAULT,56478,0.053091
1002038,DEFAULT,68123,0.051254
1002039,DEFAULT,48295,0.053084
1002040,DEFAULT,64684,0.050646
1002041,DEFAULT,64685,0.053064
1002042,DEFAULT,56498,0.054052
1002043,DEFAULT,82352,0.050377
1002044,DEFAULT,48313,0.055182
1002045,DEFAULT,56509,0.102920
1002046,DEFAULT,81089,0.053915
1002047,DEFAULT,81782,0.059448
1002048,DEFAULT,81096,0.050513
1002049,DEFAULT,48342,0.054256
1002050,DEFAULT,48344,0.053769
1002051,DEFAULT,49095,0.066103
1002052,DEFAULT,64735,0.143995
1002053,DEFAULT,81130,0.071121
1002054,DEFAULT,64747,0.071717
1002055,DEFAULT,47657,0.050376
1002056,DEFAULT,66772,0.050513
1002057,DEFAULT,64764,0.050376
1002058,DEFAULT,72961,0.060443
1002059,DEFAULT,72963,0.060130
1002060,DEFAULT,48390,0.055194
1002061,DEFAULT,57217,0.071054
1002062,DEFAULT,72968,0.099533
1002063,DEFAULT,56586,0.053091
1002064,DEFAULT,56590,0.054266
1002065,DEFAULT,56595,0.053765
1002066,DEFAULT,72983,0.093247
1002067,DEFAULT,64798,0.050513
1002068,DEFAULT,70626,0.050513
1002069,DEFAULT,81186,0.050513
1002070,DEFAULT,72999,0.060643
1002071,DEFAULT,64808,0.053516
1002072,DEFAULT,84531,0.053054
1002073,DEFAULT,48438,0.050402
1002074,DEFAULT,48444,0.096324
1002075,DEFAULT,73023,0.050376
1002076,DEFAULT,56647,0.054034
1002077,DEFAULT,73032,0.104539
1002078,DEFAULT,56652,0.055647
1002079,DEFAULT,81229,0.050513
1002080,DEFAULT,73045,0.050377
1002081,DEFAULT,73051,0.078973
1002082,DEFAULT,1253,0.050586
1002083,DEFAULT,56678,0.186906
1002084,DEFAULT,64873,0.054965
1002085,DEFAULT,73071,0.060049
1002086,DEFAULT,56692,0.055248
1002087,DEFAULT,48509,0.056279
1002088,DEFAULT,64894,0.117400
1002089,DEFAULT,64901,0.050376
1002090,DEFAULT,64905,0.050646
1002091,DEFAULT,81290,0.050513
1002092,DEFAULT,73120,0.050627
1002093,DEFAULT,53147,0.056617
1002094,DEFAULT,73124,0.050377
1002095,DEFAULT,64939,0.050513
1002096,DEFAULT,73141,0.068416
1002097,DEFAULT,81342,0.053091
1002098,DEFAULT,56767,0.050494
1002099,DEFAULT,73155,0.120521
1002100,DEFAULT,73158,0.054066
1002101,DEFAULT,56779,0.092316
1002102,DEFAULT,73166,0.054270
1002103,DEFAULT,81360,0.050376
1002104,DEFAULT,81362,0.053081
1002105,DEFAULT,48595,0.054056
1002106,DEFAULT,48596,0.050376
1002107,DEFAULT,56789,0.274577
1002108,DEFAULT,73176,0.064927
1002109,DEFAULT,81370,0.050377
1002110,DEFAULT,5370,0.050377
1002111,DEFAULT,81375,0.050513
1002112,DEFAULT,73185,0.059370
1002113,DEFAULT,81380,0.050376
1002114,DEFAULT,72273,0.061201
1002115,DEFAULT,48616,0.054228
1002116,DEFAULT,65005,0.086361
1002117,DEFAULT,73198,0.050376
1002118,DEFAULT,73202,0.120527
1002119,DEFAULT,56820,0.051358
1002120,DEFAULT,65723,0.054237
1002121,DEFAULT,48641,0.168664
1002122,DEFAULT,65026,0.053081
1002123,DEFAULT,73221,0.053694
1002124,DEFAULT,65034,0.051261
1002125,DEFAULT,64591,0.055159
1002126,DEFAULT,81428,0.081674
1002127,DEFAULT,66820,0.056858
1002128,DEFAULT,48673,0.137871
1002129,DEFAULT,73250,0.056506
1002130,DEFAULT,2651,0.054061
1002131,DEFAULT,56869,0.053084
1002132,DEFAULT,81450,0.050376
1002133,DEFAULT,83208,0.050376
1002134,DEFAULT,65080,0.057499
1002135,DEFAULT,48708,0.123816
1002136,DEFAULT,48713,0.071553
1002137,DEFAULT,56907,0.068225
1002138,DEFAULT,65103,0.053773
1002139,DEFAULT,81491,0.055182
1002140,DEFAULT,56916,0.073792
1002141,DEFAULT,48726,0.050643
1002142,DEFAULT,65117,0.050513
1002143,DEFAULT,50726,0.053773
1002144,DEFAULT,81519,0.057090
1002145,DEFAULT,48752,0.050586
1002146,DEFAULT,65137,0.050376
1002147,DEFAULT,56950,0.054066
1002148,DEFAULT,51270,0.053769
1002149,DEFAULT,65149,0.056506
1002150,DEFAULT,81536,0.050377
1002151,DEFAULT,65156,0.050377
1002152,DEFAULT,48773,0.051310
1002153,DEFAULT,81822,0.055170
1002154,DEFAULT,65165,0.054043
1002155,DEFAULT,806,0.059464
1002156,DEFAULT,65174,0.055188
1002157,DEFAULT,81561,0.056294
1002158,DEFAULT,81566,0.050376
1002159,DEFAULT,48807,0.054038
1002160,DEFAULT,65195,0.085043
1002161,DEFAULT,65200,0.053523
1002162,DEFAULT,77769,0.056450
1002163,DEFAULT,47732,0.050376
1002164,DEFAULT,65212,0.054270
1002165,DEFAULT,54273,0.050646
1002166,DEFAULT,73414,0.050376
1002167,DEFAULT,48839,0.050646
1002168,DEFAULT,75042,0.050376
1002169,DEFAULT,57041,0.050646
1002170,DEFAULT,65234,0.091611
1002171,DEFAULT,48852,0.074840
1002172,DEFAULT,81622,0.050377
1002173,DEFAULT,81625,0.054135
1002174,DEFAULT,81626,0.050513
1002175,DEFAULT,48859,0.056878
1002176,DEFAULT,65245,0.181763
1002177,DEFAULT,81630,0.056476
1002178,DEFAULT,73439,0.053021
1002179,DEFAULT,73454,0.053084
1002180,DEFAULT,48880,0.050504
1002181,DEFAULT,48882,0.050376
1002182,DEFAULT,57079,0.051323
1002183,DEFAULT,48890,0.059332
1002184,DEFAULT,48892,0.061826
1002185,DEFAULT,73472,0.057854
1002186,DEFAULT,48916,0.053523
1002187,DEFAULT,73493,0.050377
1002188,DEFAULT,65302,0.054599
1002189,DEFAULT,48925,0.054047
1002190,DEFAULT,58428,0.050377
1002191,DEFAULT,65321,0.059566
1002192,DEFAULT,65322,0.053504
1002193,DEFAULT,65323,0.057053
1002194,DEFAULT,73516,0.053520
1002195,DEFAULT,65325,0.053523
1002196,DEFAULT,65326,0.051323
1002197,DEFAULT,57145,0.055188
1002198,DEFAULT,65338,0.182131
1002199,DEFAULT,57148,0.084318
1002200,DEFAULT,48963,0.053091
1002201,DEFAULT,48965,0.053765
1002202,DEFAULT,57159,0.065092
1002203,DEFAULT,73545,0.051310
1002204,DEFAULT,65354,0.055611
1002205,DEFAULT,57163,0.064299
1002206,DEFAULT,55755,0.247466
1002207,DEFAULT,81746,0.059652
1002208,DEFAULT,48982,0.051316
1002209,DEFAULT,81892,0.054261
1002210,DEFAULT,65370,0.051296
1002211,DEFAULT,65371,0.054251
1002212,DEFAULT,57317,0.061895
1002213,DEFAULT,48998,0.050376
1002214,DEFAULT,81771,0.054061
1002215,DEFAULT,49004,0.062093
1002216,DEFAULT,73581,0.050499
1002217,DEFAULT,50493,0.055595
1002218,DEFAULT,49011,0.105424
1002219,DEFAULT,81781,0.055182
1002220,DEFAULT,73590,0.074144
1002221,DEFAULT,73594,0.070908
1002222,DEFAULT,73599,0.057139
1002223,DEFAULT,65408,0.109513
1002224,DEFAULT,65409,0.137630
1002225,DEFAULT,65410,0.053773
1002226,DEFAULT,65424,0.062704
1002227,DEFAULT,79171,0.050376
1002228,DEFAULT,57008,0.059619
1002229,DEFAULT,49054,0.065689
1002230,DEFAULT,57248,0.056640
1002231,DEFAULT,65442,0.050635
1002232,DEFAULT,72347,0.095069
1002233,DEFAULT,56190,0.050376
1002234,DEFAULT,51869,0.054487
1002235,DEFAULT,73648,0.055147
1002236,DEFAULT,57268,0.051316
1002237,DEFAULT,81851,0.050377
1002238,DEFAULT,65469,0.055164
1002239,DEFAULT,81861,0.057621
1002240,DEFAULT,81862,0.053858
1002241,DEFAULT,57287,0.175667
1002242,DEFAULT,65483,0.051442
1002243,DEFAULT,57297,0.067899
1002244,DEFAULT,65490,0.053765
1002245,DEFAULT,81878,0.065190
1002246,DEFAULT,81884,0.051240
1002247,DEFAULT,57311,0.051323
1002248,DEFAULT,65504,0.053512
1002249,DEFAULT,57315,0.050376
1002250,DEFAULT,65508,0.050376
1002251,DEFAULT,47782,0.050376
1002252,DEFAULT,81917,0.055362
1002253,DEFAULT,81904,0.054398
1002254,DEFAULT,58707,0.055194
1002255,DEFAULT,65524,0.163625
1002256,DEFAULT,84649,0.054270
1002257,DEFAULT,65529,0.095483
1002258,DEFAULT,60074,0.053501
1002259,DEFAULT,49151,0.053047
